chr22:43089470-43089470,22-43089470-T-C
chr6:44278185-44278185,6-44278185-C-T
chr9:107547872-107547872,9-107547872-C-T
chr14:74759248-74759248,14-74759248-C-A
chr2:44071736-44071736,2-44071736-C-G
chr16:67692172-67692172,16-67692172-C-T
chr7:100490822-100490822,7-100490822-C-T
chr14:69349196-69349196,14-69349196-G-A
chr4:7774685-7774685,4-7774685-C-T
chr17:55194242-55194242,17-55194242-G-A
chr1:19615042-19615042,1-19615042-G-A
chr2:29474000-29474000,2-29474000-G-A
chr17:79852339-79852339,17-79852339-G-A
chr17:79857137-79857137,17-79857137-C-G
chr10:27382639-27382639,10-27382639-T-C
chr19:33149861-33149861,19-33149861-G-A
chr11:22281202-22281202,11-22281202-A-G
chr3:57283526-57283526,3-57283526-C-G
chr14:75139567-75139567,14-75139567-G-A
chr19:7527146-7527146,19-7527146-G-C
chr14:21542955-21542955,14-21542955-AGAGGAG-A
chr14:21546437-21546437,14-21546437-A-G
chr2:232156062-232156062,2-232156062-C-T
chr12:50474409-50474409,12-50474409-A-G
chr18:31325803-31325803,18-31325803-A-G
chr11:108114727-108114727,11-108114727-G-C
chr7:70255892-70255892,7-70255892-C-G
chr17:63530153-63530153,17-63530153-G-T
chr19:40964144-40964144,19-40964144-C-G
chr6:32942410-32942410,6-32942410-C-T
chr1:151020378-151020378,1-151020378-C-T
chr12:8212375-8212375,12-8212375-A-G
chr10:128193312-128193312,10-128193312-C-T
chr2:27454944-27454944,2-27454944-G-A
chr22:37906417-37906417,22-37906417-G-A
chr16:2237062-2237062,16-2237062-C-T
chr3:42751241-42751241,3-42751241-C-A
chr17:78024046-78024046,17-78024046-A-C
chr5:68588029-68588029,5-68588029-T-C
chr7:45104157-45104157,7-45104157-G-A
chr6:47501391-47501391,6-47501391-A-G
chr6:47591941-47591941,6-47591941-A-G
chr20:34081320-34081320,20-34081320-G-A
chr16:56995957-56995957,16-56995957-C-A
chr7:117199644-117199644,7-117199644-ATCT-A
chr6:87795546-87795546,6-87795546-T-C
chr1:151509271-151509271,1-151509271-G-A
chr20:40040825-40040825,20-40040825-C-G
chr16:89713130-89713130,16-89713130-C-A
chr2:101012060-101012060,2-101012060-A-G
chr19:16278940-16278940,19-16278940-G-A
chr12:120128187-120128187,12-120128187-C-A
chr12:106633348-106633348,12-106633348-G-A
chr16:66670308-66670308,16-66670308-T-G
chr16:58001068-58001068,16-58001068-C-T
chr21:47417658-47417658,21-47417658-G-C
chr3:130286067-130286067,3-130286067-A-G
chr4:84194754-84194754,4-84194754-T-C
chr4:84194767-84194767,4-84194767-T-C
chr11:118765081-118765081,11-118765081-C-T
chr3:42916238-42916238,3-42916238-G-A
chr2:72359478-72359478,2-72359478-G-A
chr3:137881029-137881029,3-137881029-C-T
chr10:486824-486824,10-486824-G-A
chr1:223176689-223176689,1-223176689-A-G
chr3:38105366-38105366,3-38105366-C-G
chr17:76565607-76565607,17-76565607-T-C
chr2:74751283-74751283,2-74751283-G-A
chr17:7130842-7130842,17-7130842-C-T
chr1:43632537-43632537,1-43632537-G-A
chr1:53364875-53364875,1-53364875-C-T
chr1:53372199-53372199,1-53372199-C-A
chr5:38409108-38409108,5-38409108-G-A
chr17:7156321-7156321,17-7156321-A-C
chr17:7162146-7162146,17-7162146-T-C
chr17:48452584-48452584,17-48452584-G-T
chr16:67697696-67697696,16-67697696-G-A
chr17:37872005-37872005,17-37872005-G-T
chr17:37872035-37872035,17-37872035-G-T
chr1:8073830-8073830,1-8073830-C-T
chr4:5803735-5803735,4-5803735-G-A
chr4:5803745-5803745,4-5803745-G-A
chr9:140245598-140245598,9-140245598-G-A
chr6:564063-564063,6-564063-C-T
chr4:122735132-122735132,4-122735132-T-C
chr8:28574363-28574363,8-28574363-C-T
chr8:139164985-139164985,8-139164985-C-T
chr10:5772955-5772955,10-5772955-A-G
chr10:5789907-5789907,10-5789907-A-G
chr10:5791498-5791498,10-5791498-C-T
chr9:37521801-37521801,9-37521801-G-A
chr1:157771324-157771324,1-157771324-A-C
chr8:125115444-125115444,8-125115444-G-A
chr4:15938186-15938186,4-15938186-T-C
chr4:79369320-79369320,4-79369320-C-T
chr4:79387406-79387406,4-79387406-C-T
chr13:39424191-39424191,13-39424191-C-T
chr14:52186795-52186795,14-52186795-T-C
chr10:49395340-49395340,10-49395340-C-A
chr13:114525074-114525074,13-114525074-G-A
chr16:90099244-90099244,16-90099244-G-C
chr7:127224452-127224452,7-127224452-T-C
chr19:13008171-13008171,19-13008171-A-G
chr20:34025360-34025360,20-34025360-C-A
chr12:110385154-110385154,12-110385154-G-A
chr9:131019698-131019698,9-131019698-G-A
chr17:37899147-37899147,17-37899147-G-A
chr9:104433256-104433256,9-104433256-G-C
chr7:76953035-76953035,7-76953035-A-T
chr20:23350941-23350941,20-23350941-G-A
chr11:5248232-5248232,11-5248232-T-A
chr5:141005593-141005593,5-141005593-C-T
chr20:62196720-62196720,20-62196720-G-A
chr17:79662836-79662836,17-79662836-G-C
chr1:186057097-186057097,1-186057097-A-G
chr1:186062320-186062320,1-186062320-G-A
chr8:76465342-76465342,8-76465342-T-C
chr2:176964895-176964895,2-176964895-G-A
chr19:49655273-49655273,19-49655273-C-T
chr16:67201693-67201693,16-67201693-C-G
chr1:22150813-22150813,1-22150813-C-A
chr1:22166484-22166484,1-22166484-C-T
chr1:22183641-22183641,1-22183641-C-T
chr1:23519919-23519919,1-23519919-G-A
chr11:18731005-18731005,11-18731005-C-T
chr11:117860280-117860280,11-117860280-C-T
chr10:6002518-6002518,10-6002518-G-A
chr19:14159806-14159806,19-14159806-C-T
chr2:233990635-233990635,2-233990635-TC-T
chr1:156814884-156814884,1-156814884-C-T
chr21:35247816-35247816,21-35247816-C-G
chr1:62739547-62739547,1-62739547-G-A
chr11:2593279-2593279,11-2593279-C-T
chr2:241679524-241679524,2-241679524-A-G
chr8:28974364-28974364,8-28974364-T-C
chr15:69714005-69714005,15-69714005-A-G
chr4:187172703-187172703,4-187172703-T-G
chr17:38854564-38854564,17-38854564-A-G
chr17:38855805-38855805,17-38855805-A-G
chr17:38855813-38855813,17-38855813-C-T
chr17:39137306-39137306,17-39137306-C-T
chr17:39383351-39383351,17-39383351-T-C
chr17:39412125-39412125,17-39412125-G-C
chr21:46058003-46058003,21-46058003-G-A
chr16:75146529-75146529,16-75146529-C-G
chr19:54966702-54966702,19-54966702-C-T
chr19:54973451-54973451,19-54973451-C-T
chr17:76968309-76968309,17-76968309-G-A
chr5:38493836-38493836,5-38493836-G-T
chr19:55175336-55175336,19-55175336-C-T
chr19:55179161-55179161,19-55179161-G-T
chr2:11911629-11911629,2-11911629-C-T
chr8:19818551-19818551,8-19818551-G-A
chr10:134161576-134161576,10-134161576-T-C
chr4:4283537-4283537,4-4283537-G-A
chr19:12763007-12763007,19-12763007-G-A
chr5:66459543-66459543,5-66459543-C-T
chr5:66461391-66461391,5-66461391-G-C
chr5:66462143-66462143,5-66462143-A-G
chr10:121602830-121602830,10-121602830-G-A
chr19:16688230-16688230,19-16688230-G-A
chr2:135028069-135028069,2-135028069-C-T
chr17:74944836-74944836,17-74944836-C-G
chr20:33862165-33862165,20-33862165-G-A
chr17:60767303-60767303,17-60767303-G-A
chr17:73895688-73895688,17-73895688-C-G
chr11:1098649-1098649,11-1098649-C-T
chr1:45798510-45798510,1-45798510-T-C
chr2:171225739-171225739,2-171225739-A-G
chr8:134269050-134269050,8-134269050-C-T
chr2:240961639-240961639,2-240961639-T-C
chr12:55420212-55420212,12-55420212-C-T
chr16:69725807-69725807,16-69725807-G-A
chr4:47877313-47877313,4-47877313-G-C
chr1:24795630-24795630,1-24795630-C-T
chr11:7059825-7059825,11-7059825-A-G
chr16:50733743-50733743,16-50733743-G-A
chr16:67918865-67918865,16-67918865-C-T
chr5:176637211-176637211,5-176637211-G-T
chr14:32295912-32295912,14-32295912-C-T
chr1:248112560-248112560,1-248112560-G-A
chr1:248059078-248059078,1-248059078-G-A
chr17:3195353-3195353,17-3195353-T-C
chr11:58189814-58189814,11-58189814-T-A
chr11:123814335-123814335,11-123814335-G-A
chr19:9361854-9361854,19-9361854-C-T
chr11:5364220-5364220,11-5364220-G-A
chr16:83998718-83998718,16-83998718-G-A
chr12:133198463-133198463,12-133198463-ATCTCTGCCCCT-A
chr11:57114144-57114144,11-57114144-G-A
chr1:17597579-17597579,1-17597579-G-A
chr22:44495953-44495953,22-44495953-A-G
chr14:24568340-24568340,14-24568340-C-T
chr1:55523854-55523854,1-55523854-C-T
chr16:334899-334899,16-334899-G-A
chr1:7887234-7887234,1-7887234-C-T
chr17:33903148-33903148,17-33903148-A-T
chr19:15587148-15587148,19-15587148-C-T
chr1:33799807-33799807,1-33799807-C-T
chr20:34526799-34526799,20-34526799-G-A
chr16:624424-624424,16-624424-C-T
chr17:8726792-8726792,17-8726792-C-T
chr8:144994554-144994554,8-144994554-G-A
chr8:144996837-144996837,8-144996837-C-T
chr1:204217973-204217973,1-204217973-G-A
chr15:90210982-90210982,15-90210982-C-T
chr18:51807260-51807260,18-51807260-A-G
chr19:617573-617573,19-617573-G-A
chr9:134379683-134379683,9-134379683-G-A
chr1:28176716-28176716,1-28176716-G-C
chr8:22389749-22389749,8-22389749-G-A
chr19:36291057-36291057,19-36291057-C-T
chr6:31600297-31600297,6-31600297-G-A
chr6:31600670-31600670,6-31600670-G-A
chr7:99022641-99022641,7-99022641-G-A
chr12:15739836-15739836,12-15739836-C-T
chr12:70188918-70188918,12-70188918-A-G
chr5:34812039-34812039,5-34812039-C-G
chr12:48134564-48134564,12-48134564-C-T
chr3:30029631-30029631,3-30029631-T-C
chr2:79253283-79253283,2-79253283-T-G
chr7:103126724-103126724,7-103126724-G-A
chr7:103130222-103130222,7-103130222-C-T
chr4:57797580-57797580,4-57797580-G-A
chr2:100029254-100029254,2-100029254-C-T
chr14:21526373-21526373,14-21526373-G-A
chr17:78333998-78333998,17-78333998-A-G
chr11:126075579-126075579,11-126075579-T-C
chr11:126075608-126075608,11-126075608-G-A
chr11:126081361-126081361,11-126081361-T-C
chr10:99130311-99130311,10-99130311-G-A
chr18:67812863-67812863,18-67812863-T-C
chr8:92983069-92983069,8-92983069-G-A
chr12:46320311-46320311,12-46320311-G-T
chr2:120221767-120221767,2-120221767-G-A
chr10:82363410-82363410,10-82363410-C-T
chr16:87874758-87874758,16-87874758-T-A
chr16:68344329-68344329,16-68344329-T-C
chr3:143297460-143297460,3-143297460-T-G
chr16:56920910-56920910,16-56920910-G-A
chr13:99376167-99376167,13-99376167-C-T
chr19:6427364-6427364,19-6427364-G-C
chr9:140127322-140127322,9-140127322-C-T
chr3:112299945-112299945,3-112299945-G-A
chr6:8421060-8421060,6-8421060-T-A
chr9:99122479-99122479,9-99122479-C-A
chr11:92901164-92901164,11-92901164-A-G
chr3:125166662-125166662,3-125166662-T-C
chr9:95840259-95840259,9-95840259-C-T
chr16:19278371-19278371,16-19278371-G-C
chr6:132892204-132892204,6-132892204-A-G
chr10:123846622-123846622,10-123846622-C-T
chr10:123847107-123847107,10-123847107-G-T
chr2:75276670-75276670,2-75276670-G-A
chr1:19168354-19168354,1-19168354-G-A
chr1:19175973-19175973,1-19175973-G-A
chr22:42610871-42610871,22-42610871-G-A
chr19:374291-374291,19-374291-G-A
chr9:71851080-71851080,9-71851080-C-T
chr9:84208194-84208194,9-84208194-T-G
chr12:50153060-50153060,12-50153060-A-G
chr16:8890257-8890257,16-8890257-A-T
chr3:33134707-33134707,3-33134707-GTCC-G
chr8:23003292-23003292,8-23003292-G-T
chr1:175096158-175096158,1-175096158-G-A
chr8:95942773-95942773,8-95942773-G-A
chr7:23552609-23552609,7-23552609-T-C
chr2:27505680-27505680,2-27505680-C-T
chr14:92470606-92470606,14-92470606-C-T
chr14:92471202-92471202,14-92471202-T-C
chr14:92491771-92491771,14-92491771-A-T
chr16:2137857-2137857,16-2137857-C-T
chr20:51870376-51870376,20-51870376-G-A
chr20:51873021-51873021,20-51873021-G-A
chr2:32983399-32983399,2-32983399-C-T
chr2:179482678-179482678,2-179482678-C-T
chr11:122650306-122650306,11-122650306-G-A
chr1:45480232-45480232,1-45480232-T-A
chr11:17517232-17517232,11-17517232-T-C
chr1:216017681-216017681,1-216017681-C-T
chr2:234465618-234465618,2-234465618-G-A
chr6:31759419-31759419,6-31759419-G-C
chr5:82817000-82817000,5-82817000-A-T
chr5:82833523-82833523,5-82833523-A-G
chr7:158705770-158705770,7-158705770-G-A
chr6:43519174-43519174,6-43519174-T-C
chr6:43480822-43480822,6-43480822-C-T
chr3:166960317-166960317,3-166960317-C-T
chr3:167051659-167051659,3-167051659-G-T
chr13:46542156-46542156,13-46542156-C-T
chr16:87451279-87451279,16-87451279-G-A
chr2:207171312-207171312,2-207171312-G-A
chr8:77766804-77766804,8-77766804-A-G
chr1:52703515-52703515,1-52703515-G-C
chr3:113955726-113955726,3-113955726-G-A
chr3:113955890-113955890,3-113955890-C-T
chr18:72775684-72775684,18-72775684-G-A
chr19:57911114-57911114,19-57911114-A-G
chr12:133501995-133501995,12-133501995-C-T
