variant_id,rsid,csq,canonical_transcript,gdit_gene_name,hgvsp,hgvsc,pop,ac,an,an_ratio,af,het,exp_het,hom,exp_hom,hwe_p_value,ab_mid_ratio,omim,Inheritance_pattern,phenotype,clinvar,clinvar_significance,possible_hom_ab>09,possible_hom_ab>08,het_ac_proportion,ab_adjusted_het,ab_adjusted_hom,ab_adjusted_hwe_p_value,ab_adjusted_balance,gnomad_v3_variant_id,gnomad_v3_ac,gnomad_v3_an,gnomad_v3_an_ratio,gnomad_v3_af,gnomad_v3_het,gnomad_v3_exp_het,gnomad_v3_hom,gnomad_v3_exp_hom,gnomad_v3_hwe_p_value,gnomad_v3_balance,gnomad_v3_filters,gnomad_v3_ab_mid_ratio,gnomad_v3_possible_hom_ab>09,gnomad_v3_possible_hom_ab>08,gnomad_v3_het_ac_proportion,gnomad_v3_ab_adjusted_het,gnomad_v3_ab_adjusted_hom,gnomad_v3_ab_adjusted_hwe_p_value,gnomad_v3_ab_adjusted_balance
1-8073830-C-T,rs143191666,missense_variant,ENST00000377482,ERRFI1,p.Asp277Asn,c.829G>A,AFR,433,24938,0.9985585008408745,0.01736306038976662,433,425.48179485123103,0,3.7591025743844737,0.04592035654580592,0.7526205450733753,,,,N,,0,0,0.9077568134171907,433,0,0.04592035654580592,-,1-8013770-C-T,649,41980,0.99752875201977,0.01545974273463554,639,638.9666269652215,5,5.016686517389233,0.910893708834919,-,PASS,0.5515695067264574,0,1,0.9565868263473054,638,6,0.570982010635178,+
16-67201693-C-G,rs201430635,missense_variant,ENST00000264009,HSF4,p.Leu309Val,c.925C>G,ASJ,389,9686,0.9340405014464802,0.04016105719595292,385,373.3773487507743,2,7.811325624612842,0.018740878090912245,0.7386609071274298,Y,AD,"Cataract 5, multiple types, 116800 (3), Autosomal dominant",N,,0,0,0.8632286995515696,385,2,0.018740878090912245,-,16-67167790-C-G,134,3324,1.0,0.040312876052948254,134,128.59807460890494,0,2.700962695547533,0.07845273359724808,-,PASS,0.6149068322981367,0,0,0.8322981366459627,134,0,0.07845273359724808,-
19-12763007-G-A,rs75029862,missense_variant,ENST00000456935,MAN2B1,p.Pro669Leu,c.2006C>T,AMR,1438,35440,1.0,0.04057562076749436,1400,1379.6522573363434,19,29.173871331828447,0.047479330478934316,0.8656210258584146,Y,AR,"Mannosidosis, alpha-, types I and II, 248500 (3), Autosomal recessive",Y,Benign/Likely_benign,0,0,0.5934718100890207,1400,19,0.047479330478934316,-,19-12652193-G-A,428,13624,0.9966349670811997,0.03141514973576042,414,414.5543159130945,7,6.72284204345273,0.7648923525757444,+,PASS,0.5642276422764227,0,2,0.6742671009771987,413,8,0.48606319859991515,+
9-37521801-G-A,rs61757390,synonymous_variant,ENST00000432825,FBXO10,c.1965C>T(p.=),c.1965C>T,AFR,571,24178,0.968126851926003,0.023616510877657374,569,557.5149722888576,1,6.74251385557118,0.012434037492994774,0.6173228346456693,,,,N,,0,0,0.9060509554140127,569,1,0.012434037492994774,-,9-37521804-G-A,926,42022,0.998526756011786,0.02203607634096426,906,905.5945933082671,10,10.202703345866452,0.9361849375253619,-,PASS,0.5277486910994764,1,5,0.9516806722689075,901,15,0.12830249477039274,+
2-120221767-G-A,rs75071385,synonymous_variant,ENST00000019103,SCTR,c.568C>T(p.=),c.568C>T,AFR,719,24958,0.9993593337070553,0.02880839810882282,711,698.2867617597564,4,10.356619120121804,0.029978976737307293,0.6948748510131109,,,,N,,0,0,0.8494623655913979,711,4,0.029978976737307293,-,2-119464191-G-A,1143,42036,0.9988594240091246,0.027190979160719383,1123,1111.9207108192977,10,15.539644590351127,0.17030531667257306,-,PASS,0.5582163501238646,0,3,0.9304059652029826,1120,13,0.5581661295814941,-
11-5248232-T-A,rs334,missense_variant,ENST00000335295,HBB,p.Glu7Val,c.20A>T,AFR,1121,24964,0.9995995835669096,0.0449046627143086,1113,1070.66187309726,4,25.169063451369972,1.3777925371879613e-07,0.7323026851098454,Y,"AR,AD","Delta-beta thalassemia, 141749 (3), Autosomal dominant, Erythremias, beta- (3), Heinz body anemias, beta-, 140700 (3), Autosomal dominant, Hereditary persistence of fetal hemoglobin, 141749 (3), Autosomal dominant, Methemoglobinemias, beta- (3), Sickle cell anemia, 603903 (3), Autosomal recessive, Thalassemia-beta, dominant inclusion-body, 603902 (3), Thalassemias, beta-, 613985 (3)",Y,Pathogenic,0,0,0.9063517915309446,1113,4,1.3777925371879613e-07,-,11-5227002-T-A,1717,42028,0.9986693280106453,0.04085371656990578,1699,1646.8541686494718,9,35.07291567526411,1.0930621573777716e-07,-,PASS,0.5444505797901712,0,3,0.9397123893805309,1696,12,4.840489608553652e-06,-
1-52703515-G-C,rs58871384,synonymous_variant,ENST00000287727,ZFYVE9,c.426G>C(p.=),c.426G>C,AFR,424,24964,0.9995995835669096,0.01698445761897132,424,416.79858996955625,0,3.6007050152219198,0.04098963599149623,0.706140350877193,,,,N,,0,0,0.9318681318681319,424,0,0.04098963599149623,-,1-52237843-G-C,722,42056,0.9993346640053227,0.01716758607570858,716,709.6050028533384,3,6.197498573330798,0.26037690548834097,-,PASS,0.5402144772117963,0,0,0.9623655913978495,716,3,0.26037690548834097,-
5-38493836-G-T,rs79040751,missense_variant,ENST00000263409,LIFR,p.Thr646Asn,c.1937C>A,AFR,676,24966,0.9996796668535277,0.02707682448129456,670,657.6960666506449,3,9.15196667467756,0.03245882172050056,0.7137355584082157,Y,AR,"Stuve-Wiedemann syndrome/Schwartz-Jampel type 2 syndrome, 601559 (3), Autosomal recessive",Y,Conflicting_interpretations_of_pathogenicity,0,0,0.8634020618556701,670,3,0.03245882172050056,-,5-38493734-G-T,1129,42026,0.9986218040110255,0.02686432208632751,1117,1098.6701803645362,6,15.16490981773188,0.009592351171070313,-,PASS,0.552999178307313,0,3,0.9193415637860082,1114,9,0.09910360047897177,-
12-48134564-C-T,rs112035828,missense_variant,ENST00000449771,RAPGEF3,p.Asp698Asn,c.2092G>A,AFR,568,24896,0.9968767518218947,0.02281491002570694,566,555.0411311053984,1,6.479434447300771,0.019201230855582917,0.6952104499274311,,,,N,,0,0,0.8226744186046512,566,1,0.019201230855582917,-,12-47740781-C-T,929,42048,0.9991445680068435,0.022093797564687975,917,908.4748620624049,6,10.262568968797565,0.17444575974347679,-,PASS,0.5951903807615231,0,0,0.9188376753507014,917,6,0.17444575974347679,-
11-5364220-G-A,rs150463706,missense_variant,ENST00000300773,OR51B5,p.His179Tyr,c.535C>T,AFR,600,24940,0.9986385841274926,0.024057738572574178,596,585.5653568564554,2,7.217321571772253,0.04353923400506743,0.7599364069952306,,,,N,,0,0,0.9490445859872612,596,2,0.04353923400506743,-,11-5342990-G-A,1004,41996,0.9979089440167285,0.023907038765596723,992,979.9973330793408,6,12.001333460329557,0.06397213419365075,-,PASS,0.5371263259402121,0,3,0.9593810444874274,989,9,0.4169189386233041,-
1-248112560-G-A,rs57818366,missense_variant,ENST00000357191,OR2L8,p.Arg134His,c.401G>A,AFR,1126,24960,0.9994394169936734,0.045112179487179487,1098,1075.203685897436,14,25.398157051282052,0.01426001310880698,0.7922437673130194,,,,N,,0,3,0.7614424410540915,1096,16,0.04271642282611794,-,1-247949258-G-A,1781,42026,0.9986218040110255,0.042378527578165896,1753,1705.5238423832866,14,37.73807880835673,6.730449189750081e-06,-,PASS,0.5473465140478668,5,20,0.9154046997389034,1735,32,0.2925078399177678,-
15-90210982-C-T,rs145476436,missense_variant,ENST00000300055,PLIN1,p.Val272Met,c.814G>A,ASJ,251,8964,0.8644165863066539,0.028000892458723784,251,243.9717759928603,0,3.514112003569835,0.036709362321525045,0.7142857142857143,Y,AD,"Lipodystrophy, familial partial, type 4, 613877 (3), Autosomal dominant",Y,Likely_benign,0,0,0.8019169329073482,251,0,0.036709362321525045,-,15-89667751-C-T,102,3324,1.0,0.030685920577617327,96,98.87003610108303,3,1.5649819494584838,0.1330936013896202,+,PASS,0.5304347826086957,0,0,0.8347826086956521,96,3,0.1330936013896202,+
12-70188918-A-G,rs145294371,splice_region_variant,ENST00000550536,RAB3IP,,c.733-3A>G,AFR,956,24936,0.9984784175542565,0.03833814565287135,938,919.348732755855,9,18.32563362207251,0.017356703650326027,0.6229187071498531,,,,N,,0,0,0.9205103042198234,938,9,0.017356703650326027,-,12-69795138-A-G,1503,42028,0.9986693280106453,0.03576187303702294,1453,1449.2499048253544,25,26.87504758732274,0.8027207232468259,-,PASS,0.5747422680412371,0,2,0.9392372333548804,1451,27,0.8809240534090942,+
17-79857137-C-G,rs74006125,missense_variant,ENST00000357385,ANAPC11,p.Ser43Arg,c.129C>G,AFR,523,24848,0.9949547529430608,0.02104797166773986,521,511.99191081777207,1,5.504044591113973,0.036562458278160556,0.5872756933115824,,,,N,,0,0,0.8583196046128501,521,1,0.036562458278160556,-,17-81899261-C-G,831,42046,0.9990970440072237,0.01976406792560529,823,814.576059553822,4,8.211970223088999,0.12939703757907356,-,PASS,0.5683371298405467,0,0,0.9394977168949772,823,4,0.12939703757907356,-
1-28176716-G-C,rs36014119,missense_variant,ENST00000311772,PPP1R8,p.Ser272Thr,c.815G>C,AFR,879,24966,0.9996796668535277,0.03520788272049988,865,848.0522710886805,7,15.473864455659696,0.020454610923496555,0.7395209580838323,,,,N,,0,0,0.8632734530938124,865,7,0.020454610923496555,-,1-27850205-G-C,1356,42042,0.999001996007984,0.0322534608248894,1324,1312.26430712145,16,21.867846439275013,0.20348667266326603,-,PASS,0.5636875439831105,0,3,0.9323943661971831,1321,19,0.5444155151827755,-
3-137881029-C-T,rs34889464,missense_variant,ENST00000260803,DBR1,p.Gly446Asp,c.1337G>A,AFR,791,24970,0.9998398334267639,0.03167801361633961,779,765.9426912294754,6,12.528654385262316,0.04803141996632263,0.6986469864698647,,,,N,,0,0,0.958179581795818,779,6,0.04803141996632263,-,3-138162187-C-T,1314,42038,0.9989069480087445,0.03125743375041629,1268,1272.927732051953,23,20.536133974023507,0.5309343119104131,+,PASS,0.5348125478194338,0,3,0.9701606732976281,1265,26,0.19079986587077075,+
9-131019698-G-A,rs181762858,missense_variant,ENST00000421699,GOLGA2,p.Thr915Ile,c.2744C>T,EAS,610,19904,0.9974942367445124,0.030647106109324758,604,591.3052652733119,3,9.34736736334405,0.021735374394659234,0.7054263565891473,,,,N,,0,0,0.940809968847352,604,3,0.021735374394659234,-,9-128257419-G-A,95,3132,0.9993618379068283,0.03033205619412516,93,92.1184546615581,1,1.440772669220945,0.8256766183317942,-,PASS,0.525,0,0,0.775,93,1,0.8256766183317942,-
2-240961639-T-C,rs35715497,missense_variant,ENST00000252711,NDUFA10,p.Asn65Ser,c.194A>G,AFR,764,24962,0.9995195002802915,0.03060652191330823,754,740.6166172582325,5,11.691691370883744,0.04065627234732868,0.6819277108433734,Y,"MT,AR","Leigh syndrome, 256000 (3), Autosomal recessive, Mitochondrial",Y,Benign,0,0,0.908433734939759,754,5,0.04065627234732868,-,2-240022222-T-C,1242,42010,0.9982416120140671,0.029564389431087836,1212,1205.281028326589,15,18.359485836705545,0.5088091189165452,-,PASS,0.5382190701339638,0,2,0.957345971563981,1210,17,0.8573751580137868,-
6-32942410-C-T,rs115120098,synonymous_variant,ENST00000395289,BRD2,c.201C>T(p.=),c.201C>T,AFR,443,24962,0.9995195002802915,0.01774697540261197,443,435.1380898966429,0,3.930955051678551,0.026410418098095172,0.7059859154929577,,,,N,,0,0,0.7826855123674912,443,0,0.026410418098095172,-,6-32974633-C-T,714,42032,0.998764376009885,0.016987057480015225,704,701.871240959269,5,6.064379520365435,0.756252182968767,-,PASS,0.5810473815461347,0,1,0.8833124215809285,703,6,0.9183543046724882,-
16-56920910-G-A,rs36031476,missense_variant,ENST00000438926,SLC12A3,p.Gly695Arg,c.2083G>A,AFR,422,24942,0.9987186674141106,0.01691925266618555,422,414.8600753748697,0,3.5699623125651514,0.04018667240844979,0.7180616740088106,Y,AR,"Gitelman syndrome, 263800 (3), Autosomal recessive",N,,0,0,0.9295154185022027,422,0,0.04018667240844979,-,16-56886998-G-A,636,41986,0.9976713240186295,0.015147906445005478,628,626.3659315009766,4,4.817034249511742,0.9081655824003697,-,PASS,0.5494672754946728,0,3,0.9587786259541985,625,7,0.298342769715516,+
3-42751241-C-A,rs73829276,missense_variant,ENST00000310232,CCDC13,p.Lys641Asn,c.1923G>T,AFR,1069,24952,0.999119083847201,0.042842257133696694,1045,1023.2016271240782,12,22.89918643796088,0.013651299229085775,0.6905790838375108,,,,N,,0,0,0.9063313096270599,1045,12,0.013651299229085775,-,3-42709749-C-A,1690,42034,0.9988119000095048,0.04020554788980349,1638,1622.052624066232,26,33.97368796688394,0.16561872030408498,-,PASS,0.5564562825709323,0,3,0.950667440510737,1635,29,0.3965166200607262,-
7-158705770-G-A,rs143753088,missense_variant,ENST00000407559,WDR60,p.Ser562Asn,c.1685G>A,AFR,425,24118,0.9657243533274605,0.017621693341073056,425,417.51078033004393,0,3.744609834978024,0.04535026406267523,0.541019955654102,Y,AR,"Short-rib thoracic dysplasia 8 with or without polydactyly, 615503 (3), Autosomal recessive",Y,Benign,0,0,0.9486607142857143,425,0,0.04535026406267523,-,7-158913079-G-A,740,42052,0.999239616006083,0.017597260534576237,736,726.9780272044136,2,6.510986397793207,0.05677342179428361,-,PASS,0.5650459921156373,0,1,0.9671484888304862,735,3,0.19361029405679925,-
14-74759248-C-A,rs115783644,splice_region_variant,ENST00000356924,ABCD4,,c.1028+6G>T,AFR,680,24896,0.9968767518218947,0.02731362467866324,674,661.426735218509,3,9.2866323907455,0.021886247617050124,0.6444141689373297,Y,AR,"Methylmalonic aciduria and homocystinuria, cblJ type, 614857 (3), Autosomal recessive",Y,Benign,0,0,0.9220246238030095,674,3,0.021886247617050124,-,14-74292545-C-A,1115,42034,0.9988119000095048,0.026526145501260884,1099,1085.4233477660941,8,14.788326116952945,0.07042137599770049,-,PASS,0.5552677029360967,0,1,0.9498703543647364,1098,9,0.12397920914206634,-
16-8890257-A-T,rs143262684,missense_variant,ENST00000333050,TMEM186,p.Ile65Asn,c.194T>A,FIN,421,25120,0.9998407896831715,0.01675955414012739,421,413.94422770700635,0,3.527886146496815,0.039183177084197794,0.7760617760617761,,,,N,,0,0,0.8127413127413128,421,0,0.039183177084197794,-,16-8796400-A-T,187,10480,0.9992372234935164,0.01784351145038168,185,183.66326335877864,1,1.668368320610687,0.8412027078108796,-,PASS,0.5466666666666666,0,0,0.8222222222222222,185,1,0.8412027078108796,-
17-37872005-G-T,rs4252632,synonymous_variant,ENST00000269571,ERBB2,c.1326G>T(p.=),c.1326G>T,AFR,702,24932,0.9983182509810202,0.028156585913685223,694,682.234076688593,4,9.882961655703513,0.040124174177137095,0.6791237113402062,,,,N,,0,0,0.9001297016861219,694,4,0.040124174177137095,-,17-39715752-G-T,1074,42014,0.9983366600133067,0.02556290760222783,1056,1046.5454372352074,9,13.727281382396345,0.23917247056665036,-,PASS,0.6112099644128114,0,1,0.9436997319034852,1055,10,0.36840820257652174,-
17-37872035-G-T,rs4252633,missense_variant,ENST00000269571,ERBB2,p.Trp452Cys,c.1356G>T,AFR,1219,24948,0.9989589172739649,0.048861632194965525,1181,1159.437670354337,19,29.781164822831485,0.03803537628319325,0.7043010752688172,,,,Y,not_provided,0,0,0.9084615384615384,1181,19,0.03803537628319325,-,17-39715782-G-T,1985,42042,0.999001996007984,0.04721469007183293,1879,1891.2788402074118,53,46.86057989629419,0.33799925927441943,+,PASS,0.5494450050454087,0,4,0.9489898989898989,1875,57,0.11660786681277978,+
2-179482678-C-T,rs114145817,synonymous_variant,ENST00000589042,TTN,c.47400G>A(p.=),c.47400G>A,AFR,865,24174,0.9679666853527669,0.03578224538760652,849,834.0483577397204,8,15.475821130139819,0.040370013409777424,0.7383474576271186,Y,"AR,AD","Cardiomyopathy, dilated, 1G, 604145 (3), Cardiomyopathy, familial hypertrophic, 9, 613765 (3), Autosomal dominant, Muscular dystrophy, limb-girdle, type 2J, 608807 (3), Autosomal recessive, Myopathy, proximal, with early respiratory muscle involvement, 603689 (3), Salih myopathy, 611705 (3), Autosomal recessive, Tibial muscular dystrophy, tardive, 600334 (3), Autosomal dominant",Y,Benign/Likely_benign,0,0,0.9031914893617021,849,8,0.040370013409777424,-,2-178617951-C-T,1496,41986,0.9976713240186295,0.035630924593912254,1452,1442.696136807507,22,26.651931596246364,0.3931364008440887,-,PASS,0.5729833546734955,0,3,0.9337620578778135,1449,25,0.8021571627768429,-
19-7527146-G-C,rs146371166,missense_variant,ENST00000359920,ARHGEF18,p.Arg666Pro,c.1997G>C,FIN,426,25098,0.9989651329406145,0.016973464021037533,426,418.769304327038,0,3.6153478364809946,0.041398388634268424,0.6678966789667896,Y,AR,"Retinitis pigmentosa 78, 617433 (3), Autosomal recessive",N,,0,0,0.7874306839186691,426,0,0.041398388634268424,-,19-7462260-G-C,196,10484,0.9996186117467581,0.018695154521175122,194,192.33574971384968,1,1.832125143075162,0.8522748777112549,-,PASS,0.6063348416289592,0,0,0.8778280542986425,194,1,0.8522748777112549,-
14-21526373-G-A,rs112589920,missense_variant,ENST00000308227,RNASE8,p.Gly108Ser,c.322G>A,AFR,435,24960,0.9994394169936734,0.017427884615384616,435,427.4188701923077,0,3.7905649038461537,0.024509855938892523,0.731404958677686,,,,N,,0,0,0.8987603305785123,435,0,0.024509855938892523,-,14-21058214-G-A,698,41986,0.9976713240186295,0.016624589148763875,690,686.3960367741629,4,5.801981612918592,0.5976727215885145,-,PASS,0.5187760778859527,0,5,0.9623430962343096,685,9,0.16911045734958657,+
6-31600297-G-A,rs35102093,missense_variant,ENST00000376033,PRRC2A,p.Ala1283Thr,c.3847G>A,AFR,824,23792,0.9526707776087131,0.03463349024882313,814,795.4620040349697,5,14.26899798251513,0.007045858369219436,0.6207177814029364,,,,N,,0,0,0.6716171617161716,814,5,0.007045858369219436,-,6-31632520-G-A,1378,41998,0.9979564680163483,0.03281108624220201,1340,1332.7863231582458,19,22.606838420877185,0.47956361799449443,-,PASS,0.5464684014869888,0,1,0.8317815021725636,1339,20,0.6248028079922312,-
6-31600670-G-A,rs35464047,missense_variant,ENST00000376033,PRRC2A,p.Ser1407Asn,c.4220G>A,AFR,811,23424,0.9379354528709858,0.03462260928961749,801,782.9210638661202,5,14.039468066939891,0.006608746297194144,0.6818936877076412,,,,N,,0,3,0.672544080604534,799,7,0.044638720209316425,-,6-31632893-G-A,1374,42042,0.999001996007984,0.03268160411017554,1336,1329.0954759526187,19,22.452262023690597,0.47840550406075216,-,PASS,0.5462445685909373,0,3,0.832398753894081,1334,21,0.7854007618855757,-
8-28574363-C-T,rs34985706,synonymous_variant,ENST00000220562,EXTL3,c.787C>T(p.=),c.787C>T,AFR,574,24964,0.9995995835669096,0.022993110078513058,572,560.8019548149335,1,6.599022592533247,0.011806045524225442,0.7243066884176182,Y,AR,"Immunoskeletal dysplasia with neurodevelopmental abnormalities, 617425 (3), Autosomal recessive",N,,0,0,0.933115823817292,572,1,0.011806045524225442,-,8-28716846-C-T,989,42056,0.9993346640053227,0.023516264028913828,975,965.7424148754042,7,11.628792562297887,0.20125891162847476,-,PASS,0.5278846153846154,0,0,0.9384023099133783,975,7,0.20125891162847476,-
17-38854564-A-G,rs71371442,synonymous_variant,ENST00000264651,KRT24,c.1503T>C(p.=),c.1503T>C,AFR,710,24960,0.9994394169936734,0.02844551282051282,702,689.8036858974359,4,10.098157051282051,0.04166478754906941,0.6508670520231213,,,,N,,0,0,0.813441483198146,702,4,0.04166478754906941,-,17-40698312-A-G,1136,42006,0.9981465640148275,0.027043755653954196,1104,1105.278293577108,16,15.360853211445981,0.7430079962475062,+,PASS,0.5291222313371616,0,7,0.908641975308642,1098,22,0.07783688388547116,+
17-38855805-A-G,rs12946793,missense_variant,ENST00000264651,KRT24,p.Trp418Arg,c.1252T>C,AFR,712,24954,0.9991991671338192,0.028532499799631322,704,691.6848601426625,4,10.157569928668751,0.04225842195306995,0.7202312138728324,,,,N,,0,0,0.8138728323699422,704,4,0.04225842195306995,-,17-40699553-A-G,1137,42002,0.9980515160155878,0.02707013951716585,1105,1106.2212513689824,16,15.389374315508784,0.7432965484846983,+,PASS,0.5418032786885246,0,1,0.9094650205761317,1104,17,0.5562300710887728,+
3-38105366-C-G,rs117013868,missense_variant,ENST00000308059,DLEC1,p.Pro377Ala,c.1129C>G,EAS,935,19484,0.9764458253984164,0.04798809279408746,911,890.1311332375283,12,22.43443338123589,0.01669385097266524,0.5627615062761506,,,,N,,0,0,0.9619852164730729,911,12,0.01669385097266524,-,3-38063875-C-G,162,3132,0.9993618379068283,0.05172413793103448,154,153.6206896551724,4,4.189655172413793,0.8976083632620828,-,PASS,0.5291005291005291,0,0,0.8148148148148148,154,4,0.8976083632620828,-
16-75146529-C-G,rs61741512,missense_variant,ENST00000300051,LDHD,p.Arg443Ser,c.1329G>C,AFR,620,24952,0.999119083847201,0.024847707598589293,616,604.5944212888746,2,7.702789355562681,0.03228070748142908,0.637444279346211,,,,N,,0,0,0.9194029850746268,616,2,0.03228070748142908,-,16-75112631-C-G,1024,42062,0.9994772360041821,0.024345014502401216,1002,999.070705149541,11,12.464647425229423,0.7168880086367867,-,PASS,0.569215876089061,0,0,0.9718719689621726,1002,11,0.7168880086367867,-
11-17517232-T-C,rs78509055,splice_region_variant,ENST00000005226,USH1C,,c.2547-8A>G,AFR,609,24952,0.999119083847201,0.024406861173453028,607,594.1362215453671,1,7.431889227316446,0.005716177381427336,0.726998491704374,Y,AR,"Deafness, autosomal recessive 18A, 602092 (3), Autosomal recessive, Usher syndrome, type 1C, 276904 (3), Autosomal recessive",Y,Benign,0,0,0.9155354449472096,607,1,0.005716177381427336,-,11-17495685-T-C,957,42028,0.9986693280106453,0.02277053392976111,937,935.2085990292185,10,10.895700485390691,0.9385305506373662,-,PASS,0.5818181818181818,0,3,0.9464646464646465,934,13,0.4867831565951744,+
19-49655273-C-T,rs111621046,missense_variant,ENST00000252825,HRC,p.Val672Ile,c.2014G>A,AFR,443,24828,0.99415392007688,0.017842758176252617,443,435.0956581279201,0,3.9521709360399546,0.026754332400007328,0.5731958762886598,,,,N,,0,0,0.917184265010352,443,0,0.026754332400007328,-,19-49152016-C-T,794,42052,0.999239616006083,0.018881384951964234,778,779.0081803481404,8,7.4959098259298,0.7808803524783475,+,PASS,0.5819975339087546,0,0,0.9604938271604938,778,8,0.7808803524783475,+
16-69725807-G-A,rs144343499,synonymous_variant,ENST00000432919,NFAT5,c.2079G>A(p.=),c.2079G>A,EAS,393,19952,0.9998997694697805,0.019697273456295107,393,385.25897153167597,0,3.8705142341619885,0.025194440825046308,0.7128712871287128,,,,Y,Benign,0,0,0.9751861042183623,393,0,0.025194440825046308,-,16-69691904-G-A,60,3130,0.9987236758136566,0.019169329073482427,60,58.84984025559105,0,0.5750798722044728,0.7190663030353637,-,PASS,0.453125,0,0,0.9375,60,0,0.7190663030353637,-
17-55194242-G-A,rs116339701,synonymous_variant,ENST00000337714,AKAP1,c.2454G>A(p.=),c.2454G>A,AFR,843,24968,0.9997597501401457,0.0337632169176546,829,814.5376081384172,7,14.231195930791412,0.045833416782345794,0.7305263157894737,,,,N,,0,0,0.8726315789473684,829,7,0.045833416782345794,-,17-57116881-G-A,1376,42034,0.9988119000095048,0.03273540467240805,1336,1330.9560831707663,20,22.521958414616734,0.6240619763611404,-,PASS,0.5533101045296167,0,1,0.9316596931659693,1335,21,0.7855261820255877,-
11-123814335-G-A,rs146653844,synonymous_variant,ENST00000321252,OR6T1,c.211C>T(p.=),c.211C>T,AFR,431,24970,0.9998398334267639,0.017260712855426512,431,423.56063275931115,0,3.7196836203444135,0.04456910541296577,0.7839388145315488,,,,N,,0,0,0.8240917782026769,431,0,0.04456910541296577,-,11-123943628-G-A,735,42050,0.9991920920064633,0.017479191438763378,725,722.1527942925089,5,6.423602853745542,0.7643138041498276,-,PASS,0.5922208281053952,0,2,0.9108040201005025,723,7,0.7652424578076136,+
15-69714005-A-G,rs150290143,missense_variant,ENST00000260363,KIF23,p.Gln77Arg,c.230A>G,AFR,428,24960,0.9994394169936734,0.0171474358974359,428,420.6608974358975,0,3.6695512820512826,0.0429676950217885,0.6604166666666667,,,,N,,0,0,0.8916666666666667,428,0,0.0429676950217885,-,15-69421666-A-G,721,41992,0.9978138960174888,0.017169937130882072,717,708.620475328634,2,6.189762335682987,0.08017092340806888,-,PASS,0.5339425587467362,0,0,0.9397116644823067,717,2,0.08017092340806888,-
6-47501391-A-G,rs7749045,synonymous_variant,ENST00000359314,CD2AP,c.219A>G(p.=),c.219A>G,AFR,709,24964,0.9995995835669096,0.028400897292100626,701,688.8637638199007,4,10.068118090049673,0.04139274615783868,0.6723237597911227,Y,,"Glomerulosclerosis, focal segmental, 3, 607832 (3)",Y,Likely_benign,0,0,0.9151436031331592,701,4,0.04139274615783868,-,6-47533655-A-G,1112,42048,0.9991445680068435,0.026445966514459664,1086,1082.5920852359209,13,14.703957382039572,0.7376349672988437,-,PASS,0.5620689655172414,0,2,0.9386343993085566,1084,15,0.8409298175821083,+
6-47591941-A-G,rs116754410,missense_variant,ENST00000359314,CD2AP,p.Lys633Arg,c.1898A>G,AFR,706,24948,0.9989589172739649,0.028298861632194965,698,686.0210036876704,4,9.989498156164823,0.04076658501130464,0.6348167539267016,Y,,"Glomerulosclerosis, focal segmental, 3, 607832 (3)",Y,Likely_benign,0,0,0.9148099606815203,698,4,0.04076658501130464,-,6-47624205-A-G,1112,42032,0.998764376009885,0.02645603349828702,1084,1082.5808907499047,14,14.709554625047582,0.9465885823394642,-,PASS,0.5340811044003452,0,2,0.9385281385281385,1082,16,0.6396141280521425,+
13-39424191-C-T,rs61745902,synonymous_variant,ENST00000280481,FREM2,c.6396C>T(p.=),c.6396C>T,AFR,434,24878,0.996156002242332,0.017445132245357344,434,426.42881260551485,0,3.785593697242544,0.02445189068320936,0.723175965665236,Y,AR,"Fraser syndrome 2, 617666 (3), Autosomal recessive",N,,0,0,0.937365010799136,434,0,0.02445189068320936,-,13-38850054-C-T,715,42006,0.9981465640148275,0.017021377898395466,703,702.8297148026473,6,6.085142598676379,0.9183582128342881,-,PASS,0.5834482758620689,0,2,0.9709944751381215,701,8,0.3521667644766432,+
1-204217973-G-A,rs34737938,synonymous_variant,ENST00000272203,PLEKHA6,c.1800C>T(p.=),c.1800C>T,AFR,685,24960,0.9994394169936734,0.027443910256410256,679,666.200921474359,3,9.399539262820513,0.022474450298124213,0.6104972375690608,,,,N,,0,0,0.9378453038674033,679,3,0.022474450298124213,-,1-204248845-G-A,1099,42044,0.9990495200076038,0.026139282656264865,1077,1070.272928360765,11,14.363535819617542,0.4568273745003239,-,PASS,0.5489849955869374,0,1,0.9522546419098143,1076,12,0.636197338017997,-
4-4283537-G-A,rs73091404,synonymous_variant,ENST00000343470,LYAR,c.210C>T(p.=),c.210C>T,AFR,836,24964,0.9995995835669096,0.0334882230411793,822,808.0038455375743,7,13.99807723121295,0.044219499960740496,0.7317073170731707,,,,N,,0,0,0.9133333333333333,822,7,0.044219499960740496,-,4-4281810-G-A,1356,42014,0.9983366600133067,0.0322749559670586,1318,1312.2351597086686,19,21.88242014566573,0.6195434760359285,-,PASS,0.5651558073654391,0,5,0.9340892983699504,1313,24,0.6204287727305026,+
17-7162146-T-C,rs144985677,missense_variant,ENST00000396628,ELP5,p.Val246Ala,c.737T>C,AFR,460,24962,0.9995195002802915,0.018428010576075633,460,451.5231151350052,0,4.238442432497395,0.016877029919636917,0.7248995983935743,,,,N,,0,0,0.9255533199195171,460,0,0.016877029919636917,-,17-7258827-T-C,751,41988,0.9977188480182492,0.017886062684576546,741,737.5675669238831,5,6.716216538058494,0.6228356473082872,-,PASS,0.5551232166018158,0,0,0.96484375,741,5,0.6228356473082872,-
7-117199644-ATCT-A,rs1801178,inframe_deletion,ENST00000003084,CFTR,p.Phe508del,c.1521_1523delCTT,NFE,1598,129034,0.9986687924709379,0.012384332811507045,1596,1578.2098361672117,1,9.89508191639413,0.0007777306910663484,0.73238048299655,Y,AR,"Congenital bilateral absence of vas deferens, 277180 (3), Autosomal recessive, Cystic fibrosis, 219700 (3), Autosomal recessive, Sweat chloride elevation without CF (3)",Y,Pathogenic,0,0,0.7881481481481482,1596,1,0.0007777306910663484,-,7-117559590-ATCT-A,929,64514,0.9986996501439673,0.014399975199181573,921,915.6224230399604,4,6.6887884800198405,0.3763938837820898,-,PASS,0.5856014047410009,1,2,0.8136042402826855,919,6,0.921838653289355,-
10-5772955-A-G,rs79236046,synonymous_variant,ENST00000328090,FAM208B,c.993A>G(p.=),c.993A>G,AFR,1113,24170,0.9678065187795307,0.04604882085229624,1083,1061.7476623913944,15,25.626168804302857,0.025603935776312953,0.6861377506538797,,,,N,,0,1,0.9483362521891419,1082,16,0.043174276533399926,-,10-5730992-A-G,1984,42026,0.9986218040110255,0.04720887069909104,1892,1890.3376005330033,46,46.831199733498316,0.9694517476590087,-,PASS,0.5391216557294296,0,3,0.9574898785425101,1889,49,0.73055275098664,+
10-5789907-A-G,rs61729834,missense_variant,ENST00000328090,FAM208B,p.His1508Arg,c.4523A>G,AFR,933,23980,0.9601986065508128,0.03890742285237698,917,896.6993744787322,8,18.15031276063386,0.008273117774462,0.6930184804928131,,,,N,,0,0,0.9473140495867769,917,8,0.008273117774462,-,10-5747944-A-G,1667,42040,0.9989544720083642,0.039652711703139866,1603,1600.8989295908657,32,33.050535204567076,0.891937172852049,-,PASS,0.5428571428571428,0,5,0.9575866188769414,1598,37,0.4426901824021024,+
10-5791498-C-T,rs61729837,synonymous_variant,ENST00000328090,FAM208B,c.6114C>T(p.=),c.6114C>T,AFR,1112,24058,0.9633218547289181,0.046221631058275835,1082,1060.6015462631974,15,25.699226868401364,0.0258537823270081,0.6870095902353966,,,,N,,0,0,0.9474605954465849,1082,15,0.0258537823270081,-,10-5749535-C-T,1987,42022,0.998526756011786,0.04728475560420732,1893,1893.0451906144401,47,46.97740469277998,0.9695140802089474,+,PASS,0.5431164901664145,0,2,0.9570273003033367,1891,49,0.730710232240955,+
11-22281202-A-G,rs35843353,synonymous_variant,ENST00000324559,ANO5,c.1545A>G(p.=),c.1545A>G,AFR,528,24964,0.9995995835669096,0.021150456657586924,526,516.8325588847941,1,5.583720557602947,0.03778255103540684,0.7504363001745201,Y,"AR,AD","Gnathodiaphyseal dysplasia, 166260 (3), Autosomal dominant, Miyoshi muscular dystrophy 3, 613319 (3), Autosomal recessive, Muscular dystrophy, limb-girdle, type 2L, 611307 (3), Autosomal recessive",Y,Benign/Likely_benign,0,0,0.9195804195804196,526,1,0.03778255103540684,-,11-22259656-A-G,928,42018,0.9984317080125463,0.0220857727640535,916,907.5044028749584,6,10.247798562520824,0.17426424806216673,-,PASS,0.5247933884297521,0,0,0.94824016563147,916,6,0.17426424806216673,-
4-5803735-G-A,rs73795088,missense_variant,ENST00000382674,EVC,p.Arg788His,c.2363G>A,AFR,924,24954,0.9991991671338192,0.03702813176244289,906,889.7860062515027,9,17.106996874248615,0.03759089087180716,0.6630859375,Y,AR,"Ellis-van Creveld syndrome, 225500 (3), Autosomal recessive",Y,Benign/Likely_benign,0,0,0.884765625,906,9,0.03759089087180716,-,4-5802008-G-A,1545,42048,0.9991445680068435,0.03674372146118721,1483,1488.2309503424658,31,28.38452482876712,0.5268121370374039,+,PASS,0.5791826309067688,0,3,0.9482097186700768,1480,34,0.2629739252795433,+
14-32295912-C-T,rs35867418,missense_variant,ENST00000281081,NUBPL,p.His229Tyr,c.685C>T,ASJ,283,10354,0.998457087753134,0.027332431910372802,283,275.2649217693645,0,3.867539115317751,0.024045350205533216,0.7556818181818182,Y,"MT,XLd,AR","Mitochondrial complex I deficiency, 252010 (3), Autosomal recessive, X-linked dominant, Mitochondrial",Y,Conflicting_interpretations_of_pathogenicity,0,0,0.8039772727272727,283,0,0.024045350205533216,-,14-31826706-C-T,111,3322,0.9993983152827918,0.03341360626128838,109,107.29108970499698,1,1.854455147501505,0.8530175668139603,-,PASS,0.5843373493975904,0,1,0.6566265060240963,108,2,0.571146365607796,+
4-122735132-T-C,rs76155182,synonymous_variant,ENST00000379663,EXOSC9,c.1086T>C(p.=),c.1086T>C,AFR,528,24962,0.9995195002802915,0.021152151269930294,526,516.8316641294767,1,5.584167935261598,0.03778979559240807,0.7349397590361446,,,,N,,0,0,0.906896551724138,526,1,0.03778979559240807,-,4-121813977-T-C,823,42014,0.9983366600133067,0.01958870852572952,807,806.8784928833246,8,8.060753558337696,0.9288346558009936,-,PASS,0.5249406175771971,0,0,0.96415770609319,807,8,0.9288346558009936,-
1-248059078-G-A,rs61752499,missense_variant,ENST00000537741,OR2W3,p.Ala64Thr,c.190G>A,AFR,424,24938,0.9985585008408745,0.01700216537011789,424,416.79108188307,0,3.6044590584649927,0.04108917684303079,0.7618069815195072,,,,N,,0,0,0.8706365503080082,424,0,0.04108917684303079,-,1-247895776-G-A,681,41904,0.9957228400342173,0.01625143184421535,671,669.9327749140894,5,5.533612542955328,0.9133001813772109,-,PASS,0.5617977528089888,0,0,0.9477401129943502,671,5,0.9133001813772109,-
1-45480232-T-A,rs36033115,missense_variant,ENST00000246337,UROD,p.Leu253Gln,c.758T>A,FIN,596,25118,0.9997611845247572,0.023728003821960348,592,581.8581097221116,2,7.070945138944184,0.041386637117127895,0.7631578947368421,Y,"AR,AD","Porphyria cutanea tarda, 176100 (3), Autosomal recessive, Autosomal dominant, Porphyria, hepatoerythropoietic, 176100 (3), Autosomal recessive, Autosomal dominant",Y,Likely_benign,0,0,0.3623011015911873,592,2,0.041386637117127895,-,1-45014560-T-A,273,10466,0.9979023646071701,0.02608446397859736,267,265.87894133384293,3,3.56052933307854,0.8907071397425781,-,PASS,0.5708446866485014,0,1,0.36575342465753424,267,3,0.8907071397425781,-
19-55175336-C-T,rs75051659,synonymous_variant,ENST00000391736,LILRB4,c.195C>T(p.=),c.195C>T,AFR,727,24936,0.9984784175542565,0.029154635867821622,719,705.8045797240936,4,10.59771013795316,0.031570860132377594,0.7825520833333334,,,,N,,0,0,0.9374185136897001,719,4,0.031570860132377594,-,19-54663878-C-T,1185,41988,0.9977188480182492,0.028222349242640755,1165,1151.5565161474708,10,16.72174192626465,0.08859139056361974,-,PASS,0.565,0,3,0.9724540901502504,1162,13,0.4148330299441186,-
20-40040825-C-G,rs61292917,missense_variant,ENST00000373233,CHD6,p.Glu2404Gln,c.7210G>C,AFR,978,24972,0.9999199167133819,0.03916386352715041,956,939.6977414704468,11,19.151129264776547,0.04907222722543118,0.6690843155031732,,,,N,,0,0,0.8667271078875793,956,11,0.04907222722543118,-,20-41412185-C-G,1548,42030,0.9987168520102652,0.03683083511777302,1514,1490.9858672376872,17,28.507066381156317,0.021940932903917233,-,PASS,0.5410036719706243,0,0,0.9288343558282208,1514,17,0.021940932903917233,-
18-31325803-A-G,rs75411012,synonymous_variant,ENST00000269197,ASXL3,c.5991A>G(p.=),c.5991A>G,AFR,595,24184,0.9683671017858573,0.02460304333443599,591,580.3611892160106,2,7.3194053919947075,0.02832175378355017,0.7398119122257053,Y,,"Bainbridge-Ropers syndrome, 615485 (3)",N,,0,0,0.9307086614173228,591,2,0.02832175378355017,-,18-33745839-A-G,985,42018,0.9984317080125463,0.023442334237707647,973,961.9093007758578,6,11.545349612071016,0.1129749726768335,-,PASS,0.5413826679649465,0,3,0.9548577036310107,970,9,0.4985677470770722,-
3-143297460-T-G,rs151096476,synonymous_variant,ENST00000316549,SLC9A9,c.861A>C(p.=),c.861A>C,AFR,491,24968,0.9997597501401457,0.019665171419416854,491,481.34440083306635,0,4.827799583466838,0.012881758862663226,0.7269303201506592,,,,N,,0,0,0.9246704331450094,491,0,0.012881758862663226,-,3-143578618-T-G,767,42032,0.998764376009885,0.01824800152264941,761,753.003782832128,3,6.998108583936048,0.14703198405538237,-,PASS,0.5491606714628298,0,0,0.9135654261704682,761,3,0.14703198405538237,-
17-8726792-C-T,rs139293791,missense_variant,ENST00000311434,PIK3R6,p.Arg513Gln,c.1538G>A,EAS,363,19504,0.9774481307006114,0.018611566858080394,363,356.24400123051686,0,3.3779993847415914,0.03592825180144961,0.603448275862069,,,,N,,0,0,0.8962962962962963,363,0,0.03592825180144961,-,17-8823475-C-T,44,3126,0.9974473516273133,0.014075495841330775,44,43.38067818298145,0,0.3096609085092771,0.6321393618237139,-,PASS,0.6101694915254238,0,1,0.7586206896551724,43,1,0.156618017730812,+
2-207171312-G-A,rs116303450,missense_variant,ENST00000374423,ZDBF2,p.Arg687His,c.2060G>A,AFR,639,24180,0.9682069352126211,0.026426799007444168,633,622.1132754342432,3,8.443362282878411,0.04103546463580482,0.6816901408450704,,,,N,,0,0,0.8928067700987306,633,3,0.04103546463580482,-,2-206306588-G-A,1083,42040,0.9989544720083642,0.025761179828734538,1057,1055.1006422454805,13,13.949678877259753,0.9455550639915662,-,PASS,0.560251798561151,0,0,0.9505395683453237,1057,13,0.9455550639915662,-
16-19278371-G-C,rs35992990,synonymous_variant,ENST00000355377,SYT17,c.1398G>C(p.=),c.1398G>C,AFR,473,24718,0.9897493393128854,0.019135852415243952,473,463.94874180758967,0,4.525629096205194,0.020506277633257294,0.5311355311355311,,,,N,,0,0,0.8759259259259259,473,0,0.020506277633257294,-,16-19267049-G-C,777,40856,0.9708202642334379,0.019018014489915802,763,762.2230027413354,7,7.388498629332289,0.924907567963306,-,PASS,0.4902676399026764,0,6,0.950186799501868,757,13,0.04802683894366816,+
7-127224452-T-C,rs35390108,missense_variant,ENST00000321407,GCC1,p.Gln262Arg,c.785A>G,AFR,959,24954,0.9991991671338192,0.03843071251102028,939,922.1449467019316,10,18.427526649034224,0.03348503433875656,0.6973555337904016,,,,N,,0,0,0.9205882352941176,939,10,0.03348503433875656,-,7-127584398-T-C,1620,41938,0.996530748027754,0.03862845152367781,1560,1557.421908531642,30,31.289045734179027,0.8891260670095898,-,PASS,0.5361262902246509,0,0,0.9535452322738386,1560,30,0.8891260670095898,-
2-79253283-T-G,rs148827158,missense_variant,ENST00000272324,REG3G,p.Cys22Gly,c.64T>G,EAS,463,19928,0.9986970031071465,0.02323364110798876,463,452.2428241670012,0,5.378587916499398,0.004907561038969889,0.6805845511482255,,,,N,,0,0,0.9665970772442589,463,0,0.004907561038969889,-,2-79026157-T-G,72,3128,0.998085513720485,0.023017902813299233,72,70.34271099744245,0,0.8286445012787724,0.7833504165876052,-,PASS,0.46835443037974683,0,0,0.9113924050632911,72,0,0.7833504165876052,-
8-139164985-C-T,rs57534956,missense_variant,ENST00000395297,FAM135B,p.Ser578Asn,c.1733G>A,AFR,675,24194,0.9687675182189477,0.02789947920972142,669,656.167851533438,3,9.416074233280979,0.022515830335895028,0.7232524964336662,,,,N,,0,0,0.9543509272467903,669,3,0.022515830335895028,-,8-138152742-C-T,1140,42034,0.9988119000095048,0.027120902126849693,1120,1109.0821715753914,10,15.458914212304325,0.16908309244052713,-,PASS,0.5821917808219178,0,1,0.958904109589041,1119,11,0.26634116494419674,-
4-79369320-C-T,rs60539739,missense_variant,ENST00000264895,FRAS1,p.Pro2042Ser,c.6124C>T,AFR,819,24162,0.9674861856330583,0.033896200645641916,809,791.2390116712193,5,13.880494164390365,0.009650047119480313,0.6478711162255466,Y,AR,"Fraser syndrome 1, 219000 (3), Autosomal recessive",Y,Likely_benign,0,2,0.9352601156069364,807,7,0.04386827689526534,-,4-78448166-C-T,1369,41960,0.997053512023572,0.03262631077216396,1327,1324.3345805529075,21,22.33270972354623,0.8697863156688842,-,PASS,0.5289017341040463,0,2,0.9636891793754538,1325,23,0.7848779045989529,+
20-51870376-G-A,rs116499498,missense_variant,ENST00000371497,TSHZ2,p.Ala127Thr,c.379G>A,AFR,614,24964,0.9995995835669096,0.024595417401057522,612,598.8984137157506,1,7.550793142124658,0.006010151362346801,0.691131498470948,,,,N,,0,1,0.9357798165137615,611,2,0.030622650569976394,-,20-53253837-G-A,1028,42024,0.9985742800114058,0.024462212069293738,1002,1002.852845992766,13,12.573577003616982,0.8285036517299009,+,PASS,0.5706051873198847,0,3,0.962536023054755,999,16,0.2786813046724066,+
20-51873021-G-A,rs115470052,synonymous_variant,ENST00000371497,TSHZ2,c.3024G>A(p.=),c.3024G>A,AFR,611,24962,0.9995195002802915,0.024477205352135246,609,596.0444275298454,1,7.4777862350773185,0.0058182323998405006,0.6494688922610015,,,,N,,0,1,0.925531914893617,608,2,0.029834443846445985,-,20-53256482-G-A,1017,42006,0.9981465640148275,0.024210827024710755,991,992.3775889158692,13,12.311205542065418,0.7148092777278389,+,PASS,0.579864472410455,0,2,0.9612027158098934,989,15,0.4233064149325999,+
12-50474409-A-G,rs115122265,missense_variant,ENST00000228468,ASIC1,p.His445Arg,c.1334A>G,AFR,600,24962,0.9995195002802915,0.024036535534011697,598,585.578078679593,1,7.210960660203509,0.00893914519675922,0.6666666666666666,,,,N,,0,0,0.9447077409162717,598,1,0.00893914519675922,-,12-50080626-A-G,1006,42028,0.9986693280106453,0.02393642333682307,986,981.919958123156,10,12.040020938422005,0.6052535867674494,-,PASS,0.551789077212806,0,1,0.9337121212121212,985,11,0.8247829601544042,-
7-45104157-G-A,rs73694268,synonymous_variant,ENST00000381112,CCM2,c.447G>A(p.=),c.447G>A,AFR,873,24932,0.9983182509810202,0.035015241456762394,859,842.4316942082464,7,15.284152895876785,0.019820380389868313,0.6585365853658537,Y,AD,"Cerebral cavernous malformations-2, 603284 (3), Autosomal dominant",Y,Benign,0,0,0.9157782515991472,859,7,0.019820380389868313,-,7-45064558-G-A,1491,42002,0.9980515160155878,0.035498309604304557,1439,1438.072020379982,26,26.463989810009046,0.9597604343276986,-,PASS,0.5490326884589727,0,3,0.9644772117962467,1436,29,0.5800845759567009,+
11-126075608-G-A,rs35157957,missense_variant,ENST00000298317,RPUSD4,p.Ala209Val,c.626C>T,AFR,652,24900,0.997036918395131,0.026184738955823295,646,634.9275502008032,3,8.536224899598395,0.04189763442490794,0.589881593110872,,,,N,,0,0,0.6976241900647948,646,3,0.04189763442490794,-,11-126205713-G-A,1086,42052,0.999239616006083,0.025825168838580805,1072,1057.9538666413011,7,14.023066679349377,0.046043360241944394,-,PASS,0.5688816855753647,0,0,0.8708367181153533,1072,7,0.046043360241944394,-
11-126081361-T-C,rs35468281,missense_variant,ENST00000298317,RPUSD4,p.Asp58Gly,c.173A>G,AFR,652,24970,0.9998398334267639,0.026111333600320384,646,634.9754104925911,3,8.512294753704445,0.04168315026567029,0.7313868613138687,,,,N,,0,0,0.9430656934306569,646,3,0.04168315026567029,-,11-126211466-T-C,1077,42058,0.9993821880049425,0.025607494412478008,1063,1049.4207285177613,7,13.78963574111941,0.06114698364056378,-,PASS,0.5508550855085509,0,0,0.9567956795679567,1063,7,0.06114698364056378,-
10-27382639-T-C,rs79092403,missense_variant,ENST00000376087,ANKRD26,p.Asn111Ser,c.332A>G,AFR,702,24228,0.9701289340914551,0.02897473997028232,696,681.6597325408618,3,10.170133729569095,0.011586030281406439,0.7493670886075949,Y,AD,"Thrombocytopenia 2, 188000 (3), Autosomal dominant",Y,Likely_benign,0,1,0.8810126582278481,695,4,0.042627883716510884,-,10-27093710-T-C,1151,42058,0.9993821880049425,0.027366969423177515,1127,1119.5006181939225,12,15.749690903038658,0.3997508177281223,-,PASS,0.5516666666666666,0,3,0.9407345575959933,1124,15,0.9485973344577717,-
8-95942773-G-A,rs77630257,synonymous_variant,ENST00000342697,TP53INP1,c.657C>T(p.=),c.657C>T,AFR,701,24974,1.0,0.028069191959638022,695,681.3234964362937,3,9.838251781853126,0.016426957610775283,0.749665327978581,,,,N,,0,0,0.9303882195448461,695,3,0.016426957610775283,-,8-94930545-G-A,1086,42054,0.9992871400057028,0.025823940647738623,1072,1057.955200456556,7,14.022399771722073,0.04603971097407102,-,PASS,0.5622241835834069,0,1,0.9478337754199824,1071,8,0.11479220088327337,-
2-100029254-C-T,rs28382942,missense_variant,ENST00000258428,REV1,p.Arg704Gln,c.2111G>A,EAS,704,19940,0.9992983862884635,0.03530591775325978,692,679.1446339017052,6,12.427683049147443,0.04665173592367264,0.7720994475138122,,,,N,,0,0,0.9571230982019364,692,6,0.04665173592367264,-,2-99412792-C-T,107,3130,0.9987236758136566,0.034185303514377,105,103.34217252396166,1,1.8289137380191696,0.851134039275349,-,PASS,0.5892857142857143,0,0,0.9375,105,1,0.851134039275349,-
1-186057097-A-G,rs79178888,missense_variant,ENST00000271588,HMCN1,p.Ile3133Val,c.9397A>G,AFR,663,24950,0.999039000560583,0.02657314629258517,657,645.382004008016,3,8.808997995991984,0.029766195805799756,0.7163531114327062,,,,Y,Likely_benign,0,0,0.9521739130434783,657,3,0.029766195805799756,-,1-186087965-A-G,1113,42010,0.9982416120140671,0.02649369197810045,1083,1083.5125208283741,15,14.7437395858129,0.8408651382794415,+,PASS,0.582010582010582,0,4,0.9592559787422498,1079,19,0.2566117308394898,+
1-186062320-G-A,rs75687673,synonymous_variant,ENST00000271588,HMCN1,c.9942G>A(p.=),c.9942G>A,AFR,659,24954,0.9991991671338192,0.02640859180892843,653,641.5967379979162,3,8.701631001041918,0.04382326040678941,0.7746288798920378,,,,Y,Likely_benign,0,0,0.8836265223274695,653,3,0.04382326040678941,-,1-186093188-G-A,1105,41976,0.9974337040205303,0.026324566418906042,1077,1075.911354107109,14,14.54432294644559,0.9461878389040997,-,PASS,0.5656303972366149,0,1,0.9324675324675324,1076,15,0.8402124421700015,+
20-34526799-G-A,rs149353721,synonymous_variant,ENST00000374012,PHF20,c.2481G>A(p.=),c.2481G>A,AFR,522,24946,0.9988788339873469,0.02092519842860579,520,511.07704642026783,1,5.4614767898661105,0.03601179893078103,0.6492411467116358,,,,N,,0,0,0.8768971332209107,520,1,0.03601179893078103,-,20-35938877-G-A,850,42024,0.9985742800114058,0.020226537216828478,832,832.8074433656958,9,8.596278317152102,0.7941169215721224,+,PASS,0.5636160714285714,0,3,0.9316909294512878,829,12,0.19201899963043242,+
2-75276670-G-A,rs148277615,synonymous_variant,ENST00000305249,TACR1,c.1113C>T(p.=),c.1113C>T,FIN,604,25078,0.9981690813564719,0.02408485525161496,604,589.4527474280246,0,7.273626285987718,0.0006686998865918995,0.7058029689608637,,,,N,,0,1,0.819538670284939,603,1,0.009384384755359016,-,2-75049543-G-A,237,10478,0.9990465293668955,0.022618820385569765,235,231.63933956862,1,2.680330215690017,0.4336118485335102,-,PASS,0.5681818181818182,0,0,0.8935361216730038,235,1,0.4336118485335102,-
2-44071736-C-G,rs142250628,missense_variant,ENST00000272286,ABCG8,p.Leu52Val,c.154C>G,AFR,548,24954,0.9991991671338192,0.021960407149154444,546,535.9656968822634,1,6.017151558868317,0.02672528311716417,0.603448275862069,Y,AR,"Sitosterolemia, 210250 (3), Autosomal recessive",N,,0,0,0.9430051813471503,546,1,0.02672528311716417,-,2-43844597-C-G,843,42028,0.9986693280106453,0.02005805653373941,827,826.0910583420577,8,8.454470828971163,0.9297321855782785,-,PASS,0.5758980301274623,0,2,0.9627473806752037,825,10,0.5399930221319923,+
7-99022641-G-A,rs114157830,missense_variant,ENST00000555673,PTCD1,p.Ser554Phe,c.1661C>T,AFR,431,24972,0.9999199167133819,0.017259330450104117,431,423.56122857600513,0,3.7193857119974374,0.04455934080599108,0.7542735042735043,,,,N,,0,0,0.9209401709401709,431,0,0.04455934080599108,-,7-99425018-G-A,697,42050,0.9991920920064633,0.01657550535077289,695,685.4468727705114,1,5.776563614744353,0.02509204298435216,-,PASS,0.5573997233748271,0,2,0.9626038781163435,693,3,0.24612642461844117,-
16-90099244-G-C,rs148760410,missense_variant,ENST00000268699,GAS8,p.Ser136Thr,c.407G>C,EAS,399,19952,0.9998997694697805,0.019997995188452286,399,391.02079991980753,0,3.9896000400962315,0.027090144814452183,0.7800829875518672,Y,AR,"Ciliary dyskinesia, primary, 33, 616726 (3), Autosomal recessive",Y,Benign,0,0,0.8278008298755186,399,0,0.027090144814452183,-,16-90032836-G-C,73,3134,1.0,0.023292916400765796,73,71.29961710274411,0,0.8501914486279516,0.7880977398258575,-,PASS,0.6666666666666666,0,0,0.6759259259259259,73,0,0.7880977398258575,-
10-99130311-G-A,rs61731890,synonymous_variant,ENST00000370992,RRP12,c.2590C>T(p.=),c.2590C>T,AFR,1217,24772,0.9919115880515736,0.0491280477958986,1181,1157.2111658323913,18,29.8944170838043,0.018132480139464526,0.5710306406685237,,,,N,,0,1,0.8299367533380183,1180,19,0.030256454764441536,-,10-97370554-G-A,2055,41776,0.9926813040585496,0.049190923018000765,1957,1953.9126531980082,49,50.543673400995786,0.8533114198119658,-,PASS,0.5129047395588925,0,7,0.9288087327954437,1950,56,0.4389914602989898,+
10-6002518-G-A,rs77226427,missense_variant,ENST00000379977,IL15RA,p.Ser132Leu,c.395C>T,EAS,608,19950,0.999799538939561,0.030476190476190476,604,589.4704761904762,2,9.264761904761905,0.007868203958540028,0.7385057471264368,,,,N,,0,0,0.867816091954023,604,2,0.007868203958540028,-,10-5960555-G-A,104,3132,0.9993618379068283,0.033205619412515965,98,100.54661558109834,3,1.7266922094508304,0.16546028487732722,+,PASS,0.5126050420168067,0,0,0.8235294117647058,98,3,0.16546028487732722,+
16-67692172-C-T,rs147189192,missense_variant,ENST00000393919,ACD,p.Gly394Glu,c.1181G>A,AFR,530,24906,0.9972771682549851,0.021280012848309646,528,518.7215931903959,1,5.639203404802056,0.038748587304775046,0.6935201401050788,,,,Y,Benign,0,0,0.9312169312169312,528,1,0.038748587304775046,-,16-67658269-C-T,895,42004,0.9980990400152077,0.021307494524331016,887,875.9297924007237,4,9.53510379963813,0.055986971839377384,-,PASS,0.5557894736842105,0,0,0.9396186440677966,887,4,0.055986971839377384,-
19-374291-G-A,rs140588452,splice_region_variant,ENST00000342640,THEG,,c.431+8C>T,AFR,524,24892,0.9967165852486586,0.021050940061063797,522,512.9693074080026,1,5.515346295998715,0.0367245685335899,0.6288,,,,N,,0,0,0.8365384615384616,522,1,0.0367245685335899,-,19-374291-G-A,931,42048,0.9991445680068435,0.022141362252663624,913,910.3863917427702,9,10.306804128614917,0.8112531523813293,-,PASS,0.551440329218107,0,0,0.9393004115226338,913,9,0.8112531523813293,-
1-45798510-T-C,rs201678305,splice_region_variant,ENST00000372098,MUTYH,,c.496-4A>G,AFR,444,24956,0.9992792504204373,0.017791312710370252,444,436.1006571565956,0,3.949671421702196,0.026719137427780267,0.7810526315789473,Y,AR,"Adenomas, multiple colorectal, 608456 (3), Autosomal recessive",Y,Conflicting_interpretations_of_pathogenicity,0,0,0.9367088607594937,444,0,0.026719137427780267,-,1-45332838-T-C,727,42024,0.9985742800114058,0.01729963830192271,719,714.4231629545022,4,6.288418522748906,0.47755363205125756,-,PASS,0.5518617021276596,0,1,0.9573901464713716,718,5,0.761209393127821,-
8-23003292-G-T,rs35213435,missense_variant,ENST00000312584,TNFRSF10D,p.Pro209Thr,c.625C>A,AFR,976,24940,0.9986385841274926,0.03913392141138733,966,937.8052927024861,5,19.097353648757014,0.0001455787576697783,0.5027726432532348,,,,N,,0,3,0.9036482694106641,963,8,0.004993027404364973,-,8-23145779-G-T,1535,41960,0.997053512023572,0.036582459485224025,1525,1478.8459246901814,5,28.07703765490944,9.501071113621301e-08,-,PASS,0.3584097859327217,0,1,0.9579145728643216,1524,6,5.123481774646463e-07,-
16-87451279-G-A,rs145026219,synonymous_variant,ENST00000268616,ZCCHC14,c.759C>T(p.=),c.759C>T,EAS,378,19702,0.9873709531923424,0.01918586945487768,378,370.7477413460562,0,3.6261293269718813,0.04125446586942812,0.6555269922879178,,,,N,,0,0,0.9717223650385605,378,0,0.04125446586942812,-,16-87417673-G-A,52,3134,1.0,0.016592214422463305,52,51.137204850031914,0,0.4313975749840459,0.6748073484292341,-,PASS,0.6515151515151515,0,1,0.7878787878787878,51,1,0.21519047943434225,+
2-27505680-C-T,rs142672168,synonymous_variant,ENST00000296098,TRIM54,c.81C>T(p.=),c.81C>T,AFR,464,24962,0.9995195002802915,0.01858825414630238,464,455.37505007611566,0,4.312474961942152,0.017605170028890962,0.7178502879078695,,,,N,,0,0,0.8905950095969289,464,0,0.017605170028890962,-,2-27282812-C-T,745,42042,0.999001996007984,0.017720374863232007,735,731.7983207268923,5,6.600839636553923,0.619805430444377,-,PASS,0.5577172503242542,1,2,0.9545454545454546,733,7,0.7667390159560695,+
16-2137857-C-T,rs45457095,splice_region_variant,ENST00000219476,TSC2,,c.4990-7C>T,AFR,628,24688,0.9885480900136142,0.02543745949449125,624,612.0252754374595,2,7.987362281270252,0.02189888278510768,0.7097944377267231,Y,AD,"Tuberous sclerosis-2, 613254 (3), Autosomal dominant",Y,Benign/Likely_benign,0,0,0.7554479418886199,624,2,0.02189888278510768,-,16-2087856-C-T,1133,42052,0.999239616006083,0.02694283268334443,1115,1102.4737705697707,9,15.26311471511462,0.09926793517277886,-,PASS,0.5941558441558441,0,0,0.9072416598860863,1115,9,0.09926793517277886,-
1-175096158-G-A,rs59588723,synonymous_variant,ENST00000239462,TNN,c.2982G>A(p.=),c.2982G>A,AFR,604,24960,0.9994394169936734,0.02419871794871795,602,589.3839743589743,1,7.308012820512822,0.009437422945530611,0.6461731493099122,,,,N,,0,0,0.7562814070351759,602,1,0.009437422945530611,-,1-175127022-G-A,1054,41996,0.9979089440167285,0.02509762834555672,1040,1027.5470997237833,7,13.226450138108392,0.07686954511431844,-,PASS,0.5634427684117125,0,1,0.9236234458259325,1039,8,0.13836006217180574,-
1-151509271-G-A,rs77669070,synonymous_variant,ENST00000271636,CGN,c.3372G>A(p.=),c.3372G>A,AFR,465,24966,0.9996796668535277,0.018625330449411198,465,456.33922134102374,0,4.330389329488104,0.01780312133516075,0.6938369781312127,,,,N,,0,0,0.9244532803180915,465,0,0.01780312133516075,-,1-151536795-G-A,742,42020,0.9984792320121662,0.0176582579723941,732,728.8975725844837,5,6.551213707758212,0.6186998662840105,-,PASS,0.5719895287958116,0,0,0.9593709043250328,732,5,0.6186998662840105,-
6-87795546-T-C,rs139810378,synonymous_variant,ENST00000369582,CGA,c.279A>G(p.=),c.279A>G,FIN,550,25048,0.996975003980258,0.02195784094538486,548,537.9231874800382,1,6.038406259980836,0.027009219798504347,0.6435935198821797,,,,N,,0,0,0.8082595870206489,548,1,0.027009219798504347,-,6-87085828-T-C,223,10448,0.996186117467582,0.021343797856049004,213,218.24033307810106,5,2.379833460949464,0.05917823143415346,+,PASS,0.5436507936507936,0,1,0.848605577689243,212,6,0.020711564657601385,+
13-46542156-C-T,rs77549742,synonymous_variant,ENST00000282007,ZC3H13,c.3804G>A(p.=),c.3804G>A,AFR,442,24358,0.9753343477216305,0.018145988997454635,442,433.979472863125,0,4.010263568437474,0.0277758523968257,0.6244979919678715,,,,N,,0,0,0.9132231404958677,442,0,0.0277758523968257,-,13-45968021-C-T,702,41978,0.9974812280201502,0.016723045404735813,688,690.2604221258755,7,5.86978893706227,0.46222739990168393,+,PASS,0.5575342465753425,0,2,0.9463548830811555,686,9,0.16972616719705713,+
16-68344329-T-C,rs142496712,missense_variant,ENST00000263997,SLC7A6OS,p.Asn127Ser,c.380A>G,ASJ,394,9968,0.9612343297974928,0.03952648475120385,390,378.4265650080257,2,7.7867174959871575,0.018691534143113992,0.6502145922746781,,,,N,,0,0,0.8552631578947368,390,2,0.018691534143113992,-,16-68310426-T-C,134,3322,0.9993983152827918,0.0403371462974112,134,128.5948223961469,0,2.7025888019265505,0.07851657757212685,-,PASS,0.6111111111111112,0,0,0.8271604938271605,134,0,0.07851657757212685,-
22-44495953-A-G,rs56194750,missense_variant,ENST00000406477,PARVB,p.Met108Val,c.322A>G,FIN,596,25120,0.9998407896831715,0.02372611464968153,592,581.8592356687898,2,7.070382165605096,0.0413796833217659,0.6530920060331825,,,,N,,0,0,0.4471299093655589,592,2,0.0413796833217659,-,22-44100073-A-G,219,10462,0.9975209763539283,0.020932900019116803,217,214.41569489581337,1,2.2921525520932895,0.6136872831007905,-,PASS,0.519434628975265,0,4,0.3833922261484099,215,3,0.40038715491820076,+
2-32983399-C-T,rs34188947,missense_variant,ENST00000317907,TTC27,p.Thr498Met,c.1493C>T,AFR,706,24960,0.9994394169936734,0.02828525641025641,698,686.030608974359,4,9.984695512820513,0.040734015816156904,0.7042440318302388,,,,N,,0,0,0.9257294429708223,698,4,0.040734015816156904,-,2-32758332-C-T,1128,41980,0.99752875201977,0.026869938065745592,1098,1097.690709861839,15,15.154645069080512,0.9474191385042432,-,PASS,0.5508620689655173,0,4,0.9490060501296457,1094,19,0.2634866825788348,+
22-42610871-G-A,rs73887968,synonymous_variant,ENST00000359486,TCF20,c.441C>T(p.=),c.441C>T,AFR,861,24904,0.9971970849683671,0.034572759396080954,847,831.2328541599744,7,14.883572920012853,0.026091611665460958,0.7472035794183445,,,,N,,0,0,0.9495515695067265,847,7,0.026091611665460958,-,22-42214865-G-A,1392,41998,0.9979564680163483,0.03314443544930711,1368,1345.8629458545647,12,23.068527072717753,0.011137984324676654,-,PASS,0.5525017618040874,0,2,0.9681528662420382,1366,14,0.046102661744633906,-
14-75139567-G-A,rs115323530,synonymous_variant,ENST00000356357,AREL1,c.1389C>T(p.=),c.1389C>T,AFR,674,24190,0.9686073516457115,0.027862753203803225,668,655.2205043406366,3,9.389747829681687,0.022356582831509344,0.7441540577716643,,,,N,,0,0,0.9201101928374655,668,3,0.022356582831509344,-,14-74672864-G-A,1159,41974,0.9973861800209105,0.027612331443274407,1137,1126.997307857245,11,16.00134607137752,0.22132048769125823,-,PASS,0.5583126550868487,0,0,0.9427860696517413,1137,11,0.22132048769125823,-
7-103130222-C-T,rs73714410,missense_variant,ENST00000428762,RELN,p.Gly3244Ser,c.9730G>A,AFR,1056,24932,0.9983182509810202,0.04235520616075726,1032,1011.2729022942405,12,22.363548852879834,0.017178437222495367,0.6678230702515178,Y,AR,"Lissencephaly 2 (Norman-Roberts type), 257320 (3), Autosomal recessive",Y,Benign/Likely_benign,0,1,0.896611642050391,1031,13,0.031051673005529776,-,7-103489775-C-T,1749,42014,0.9983366600133067,0.0416289808159185,1689,1676.1909125529585,30,36.40454372352073,0.2796656971205309,-,PASS,0.5378575434660684,0,1,0.9478114478114478,1688,31,0.3641628334650003,-
1-22150813-C-A,rs79386413,synonymous_variant,ENST00000374695,HSPG2,c.12801G>T(p.=),c.12801G>T,AFR,651,24942,0.9987186674141106,0.026100553283617992,649,634.0085398123647,1,8.495730093817656,0.0031228630116501045,0.7582417582417582,Y,AR,"Dyssegmental dysplasia, Silverman-Handmaker type, 224410 (3), Autosomal recessive, Schwartz-Jampel syndrome, type 1, 255800 (3), Autosomal recessive",N,,0,1,0.8939393939393939,648,2,0.016540515926624668,-,1-21824320-C-A,1084,42042,0.999001996007984,0.025783740069454355,1070,1056.0504257647115,7,13.974787117644262,0.04578708936767483,-,PASS,0.5695652173913044,0,1,0.9320557491289199,1069,8,0.11397078484790099,-
1-22166484-C-T,rs62642506,synonymous_variant,ENST00000374695,HSPG2,c.9540G>A(p.=),c.9540G>A,AFR,749,24966,0.9996796668535277,0.030000801089481693,747,726.5293999839782,1,11.235300008010894,0.00022322990019563586,0.8049940546967895,Y,AR,"Dyssegmental dysplasia, Silverman-Handmaker type, 224410 (3), Autosomal recessive, Schwartz-Jampel syndrome, type 1, 255800 (3), Autosomal recessive",Y,Likely_benign,0,0,0.8882282996432818,747,1,0.00022322990019563586,-,1-21839991-C-T,1256,42028,0.9986693280106453,0.02988483867897592,1236,1218.4646426192062,10,18.767678690396878,0.03683336246244394,-,PASS,0.5728301886792453,0,0,0.9377845220030349,1236,10,0.03683336246244394,-
1-22183641-C-T,rs115087461,synonymous_variant,ENST00000374695,HSPG2,c.5442G>A(p.=),c.5442G>A,AFR,684,24944,0.9987987507007288,0.02742142398973701,680,665.2437459910199,2,9.378127004490057,0.005122633838058822,0.7328947368421053,Y,AR,"Dyssegmental dysplasia, Silverman-Handmaker type, 224410 (3), Autosomal recessive, Schwartz-Jampel syndrome, type 1, 255800 (3), Autosomal recessive",N,,0,0,0.8970976253298153,680,2,0.005122633838058822,-,1-21857148-C-T,1143,41986,0.9976713240186295,0.02722336016767494,1121,1111.8836993283476,11,15.558150335826227,0.2673957339843618,-,PASS,0.571072319201995,0,2,0.9357262103505843,1119,13,0.558058939784706,-
3-57283526-C-G,rs61735096,missense_variant,ENST00000288266,APPL1,p.Asp334Glu,c.1002C>G,AFR,874,24836,0.9944742532233523,0.03519085198904816,864,843.243195361572,5,15.378402319214047,0.0026888728482751586,0.6397379912663755,,,,N,,0,1,0.9484083424807903,863,6,0.009603421018886931,-,3-57249498-C-G,1436,41988,0.9977188480182492,0.03420024768981614,1404,1386.888444317424,16,24.555777841287988,0.06712403619221241,-,PASS,0.5569877883310719,0,4,0.9570552147239264,1400,20,0.37569117853276546,-
5-66461391-G-C,rs77191584,missense_variant,ENST00000403625,MAST4,p.Arg2128Ser,c.6384G>C,AFR,459,24154,0.967165852486586,0.019003063674753663,459,450.27759377328806,0,4.361203113355966,0.018125942046957402,0.6718446601941748,,,,N,,0,0,0.9,459,0,0.018125942046957402,-,5-67165563-G-C,825,42044,0.9990495200076038,0.019622300447150604,811,808.8116021311007,7,8.094198934449624,0.787697357161157,-,PASS,0.5470798569725864,0,0,0.966626936829559,811,7,0.787697357161157,-
11-18731005-C-T,rs73426484,missense_variant,ENST00000513874,IGSF22,p.Arg976Gln,c.2927G>A,AFR,1127,24188,0.9685272683590934,0.046593352075409294,1095,1074.4892922110137,16,26.255353894493137,0.03552116471614976,0.6794766966475879,,,,N,,0,0,0.8960720130932897,1095,16,0.03552116471614976,-,11-18709458-C-T,1939,41988,0.9977188480182492,0.04617986091264171,1871,1849.4572496903877,34,44.77137515480614,0.09181139895365392,-,PASS,0.555050505050505,0,5,0.9473417721518987,1866,39,0.36872704752989094,-
10-49395340-C-A,rs115290078,splice_region_variant,ENST00000374201,FRMPD2,,c.2166-5G>T,AFR,506,24876,0.9960759189557139,0.02034089081845956,506,495.70750924585946,0,5.146245377070269,0.008218252448542844,0.505564387917329,,,,N,,0,0,0.8070175438596491,506,0,0.008218252448542844,-,10-48187297-C-A,921,41944,0.9966733200266135,0.02195784855998474,903,900.776821476254,9,10.111589261872973,0.8092160071831191,-,PASS,0.5214285714285715,0,3,0.9233128834355828,900,12,0.46985250462656647,+
12-133501995-C-T,rs75098446,synonymous_variant,ENST00000392321,ZNF605,c.1983G>A(p.=),c.1983G>A,AFR,554,24884,0.9963962521021863,0.02226330171998071,552,541.6661308471306,1,6.166934576434656,0.01687082852709307,0.6559865092748736,,,,N,,0,0,0.9324324324324325,552,1,0.01687082852709307,-,12-132925409-C-T,923,42028,0.9986693280106453,0.021961549443228322,905,902.7294898639002,9,10.13525506804987,0.8094307396559569,-,PASS,0.5544768069039914,0,1,0.9773218142548596,904,10,0.9361314958267148,-
1-43632537-G-A,rs75143777,missense_variant,ENST00000431635,EBNA1BP2,p.Arg278Cys,c.832C>T,AFR,452,24938,0.9985585008408745,0.018124949875691715,452,443.80752265618736,0,4.0962386719063275,0.02959961039913448,0.6736842105263158,,,,N,,0,0,0.9596602972399151,452,0,0.02959961039913448,-,1-43166866-G-A,754,42052,0.999239616006083,0.017930181679824977,752,740.480643013412,1,6.759678493294016,0.01306270798113604,-,PASS,0.543450064850843,0,1,0.9753566796368353,751,2,0.06119787740396715,-
16-83998718-G-A,rs111436159,synonymous_variant,ENST00000361711,OSGIN1,c.540G>A(p.=),c.540G>A,AFR,735,24900,0.997036918395131,0.029518072289156625,727,713.3042168674699,4,10.84789156626506,0.02243201589801873,0.6487804878048781,,,,N,,0,0,0.8942189421894219,727,4,0.02243201589801873,-,16-83965113-G-A,1172,42060,0.9994297120045623,0.027864954826438422,1142,1139.3422729434142,15,16.328863528292917,0.848702634425524,-,PASS,0.5955518945634267,0,1,0.9430222956234517,1141,16,0.9491946637170262,-
9-107547872-C-T,rs61741359,synonymous_variant,ENST00000374736,ABCA1,c.6450G>A(p.=),c.6450G>A,AFR,977,24956,0.9992792504204373,0.039148902067639046,957,938.7515226799168,10,19.124238660041676,0.027146331167736494,0.7071823204419889,Y,AR,"HDL deficiency, type 2, 604091 (3), Tangier disease, 205400 (3), Autosomal recessive",Y,Likely_benign,0,1,0.8812154696132597,956,11,0.04913788841553668,-,9-104785591-C-T,1538,42012,0.998289136013687,0.036608588022469774,1496,1481.6959916214416,21,28.15200418927926,0.186580871422566,-,PASS,0.5410044500953591,0,3,0.951048951048951,1493,24,0.46407767419509777,-
8-125115444-G-A,rs75319208,missense_variant,ENST00000522917,FER1L6,p.Cys1728Tyr,c.5183G>A,EAS,519,19538,0.979152049714343,0.026563619613061727,515,505.213481420821,2,6.893259289589519,0.03896684457907745,0.7001862197392924,,,,N,,0,0,0.960820895522388,515,2,0.03896684457907745,-,8-124103203-G-A,98,3132,0.9993618379068283,0.031289910600255426,92,94.93358876117496,3,1.5332056194125157,0.1267691741930957,+,PASS,0.5858585858585859,0,0,0.9387755102040817,92,3,0.1267691741930957,+
10-486824-G-A,rs146235358,synonymous_variant,ENST00000280886,DIP2C,c.381C>T(p.=),c.381C>T,ASJ,290,10324,0.9955641272902603,0.028089887640449437,290,281.85393258426967,0,4.073033707865168,0.027461463227709454,0.5246376811594203,,,,N,,0,0,0.847953216374269,290,0,0.027461463227709454,-,10-440884-G-A,106,3322,0.9993983152827918,0.03190848886213125,106,102.6177001806141,0,1.691149909692956,0.3219981805932374,-,PASS,0.675,0,0,0.8833333333333333,106,0,0.3219981805932374,-
5-82833523-A-G,rs201926758,synonymous_variant,ENST00000265077,VCAN,c.4701A>G(p.=),c.4701A>G,FIN,579,25094,0.998805922623786,0.023073244600302863,577,565.6405913764246,1,6.679704311787679,0.012150035813936874,0.6524486571879937,Y,AD,"Wagner syndrome 1, 143200 (3), Autosomal dominant",N,,0,0,0.9115323854660348,577,1,0.012150035813936874,-,5-83537704-A-G,273,10478,0.9990465293668955,0.026054590570719603,267,265.8870967741936,3,3.5564516129032255,0.8906351001778745,-,PASS,0.5126353790613718,0,0,0.9638989169675091,267,3,0.8906351001778745,-
10-134161576-T-C,rs12248621,synonymous_variant,ENST00000368614,LRRC27,c.642T>C(p.=),c.642T>C,AFR,475,24958,0.9993593337070553,0.019031973715842615,475,465.95981248497475,0,4.520093757512621,0.020427023525276363,0.7040618955512572,,,,N,,0,0,0.9223300970873787,475,0,0.020427023525276363,-,10-132348072-T-C,715,42018,0.9984317080125463,0.01701651673092484,711,702.8331905373888,2,6.08340473130563,0.07834697555765324,-,PASS,0.5866302864938608,0,1,0.9713114754098361,710,3,0.2557778674650394,-
19-15587148-C-T,rs74688727,synonymous_variant,ENST00000340880,PGLYRP2,c.333G>A(p.=),c.333G>A,EAS,881,19946,0.9995990778791219,0.044169256993883486,859,842.0868845883887,11,19.456557705805675,0.037453810871180035,0.7894736842105263,,,,N,,0,0,0.8530287984111221,859,11,0.037453810871180035,-,19-15476337-C-T,142,3126,0.9974473516273133,0.045425463851567496,134,135.54958413307742,4,3.2252079334612924,0.4642788111565937,+,PASS,0.576036866359447,0,0,0.6175115207373272,134,4,0.4642788111565937,+
3-30029631-T-C,rs114529887,splice_region_variant,ENST00000383767,RBMS3,,c.1099-3T>C,AFR,417,24960,0.9994394169936734,0.01670673076923077,417,410.03329326923074,0,3.483353365384615,0.03820091233856496,0.6134831460674157,,,,N,,0,0,0.9391891891891891,417,0,0.03820091233856496,-,3-29988140-T-C,684,42042,0.999001996007984,0.016269444840873414,678,672.8716997288426,3,5.564150135578708,0.33066530809796046,-,PASS,0.49859943977591037,0,1,0.9535864978902954,677,4,0.5899429567659048,-
4-7774685-C-T,rs115587641,synonymous_variant,ENST00000420658,AFAP1,c.2115G>A(p.=),c.2115G>A,AFR,423,24964,0.9995995835669096,0.016944399935907708,423,415.83251882711113,0,3.5837405864444802,0.040541119686869506,0.6167400881057269,,,,N,,0,0,0.9317180616740088,423,0,0.040541119686869506,-,4-7772958-C-T,683,42058,0.9993821880049425,0.016239478814969805,677,671.9084359693757,3,5.545782015312189,0.32991495575863766,-,PASS,0.5454545454545454,0,0,0.9481792717086834,677,3,0.32991495575863766,-
11-57114144-G-A,rs11229005,synonymous_variant,ENST00000263314,P2RX3,c.246G>A(p.=),c.246G>A,AFR,906,24956,0.9992792504204373,0.0363038948549447,888,873.1086712614201,9,16.445664369289947,0.04689588448890617,0.6377649325626205,,,,N,,0,0,0.8579710144927536,888,9,0.04689588448890617,-,11-57346670-G-A,1399,42044,0.9990495200076038,0.033274664637046904,1359,1352.4487441727715,20,23.27562791361431,0.5554968956746449,-,PASS,0.5749318801089919,0,4,0.9276450511945392,1355,24,0.7893333630679558,+
19-13008171-A-G,rs2229460,synonymous_variant,ENST00000222214,GCDH,c.1011A>G(p.=),c.1011A>G,EAS,651,19936,0.9990979252280244,0.032654494382022475,643,629.7419241573034,4,10.629037921348317,0.031243333252573943,0.7593880389429764,Y,AR,"Glutaricaciduria, type I, 231670 (3), Autosomal recessive",Y,Benign,0,0,0.8955431754874652,643,4,0.031243333252573943,-,19-12897357-A-G,105,3124,0.9968091895341417,0.03361075544174136,99,101.47087067861716,3,1.7645646606914214,0.1734434210036121,+,PASS,0.4765625,0,0,0.7857142857142857,99,3,0.1734434210036121,+
17-63530153-G-T,rs79732150,missense_variant,ENST00000307078,AXIN2,p.Ala761Asp,c.2282C>A,AFR,522,24972,0.9999199167133819,0.020903411821239788,520,511.08841902931283,1,5.455790485343584,0.035943877528309354,0.7311827956989247,Y,AD,"Oligodontia-colorectal cancer syndrome, 608615 (3), Autosomal dominant",Y,Benign/Likely_benign,0,0,0.931899641577061,520,1,0.035943877528309354,-,17-65534035-G-T,868,42060,0.9994297120045623,0.020637184973846884,858,850.0869234427008,5,8.956538278649548,0.19940087097676995,-,PASS,0.5793562708102109,0,2,0.9533333333333334,856,7,0.551330729138159,-
9-95840259-C-T,rs61755326,missense_variant,ENST00000375472,SUSD3,p.Arg137Trp,c.409C>T,NFE,1022,129072,0.9989628964599168,0.007918061237138962,1022,1013.9077414156441,0,4.04612929217801,0.03018191850860145,0.6559287183002056,,,,N,,0,0,0.7019230769230769,1022,0,0.03018191850860145,-,9-93077977-C-T,525,64574,0.9996284714697049,0.008130207204137888,521,520.7316412178276,2,2.134179391086195,0.8641864183843835,-,PASS,0.6061827956989247,0,0,0.7002688172043011,521,2,0.8641864183843835,-
9-104433256-G-C,rs149729514,missense_variant,ENST00000361820,GRIN3A,p.Arg480Gly,c.1438C>G,EAS,373,19942,0.9993986168186829,0.018704242302677764,373,366.0233176211011,0,3.488341189449403,0.03792450716593716,0.8020050125313283,,,,N,,0,0,0.9348370927318296,373,0,0.03792450716593716,-,9-101670974-G-C,58,3112,0.9929802169751116,0.018637532133676093,56,56.919023136246786,1,0.5404884318766067,0.25748958177028736,+,PASS,0.46774193548387094,0,0,0.9032258064516129,56,1,0.25748958177028736,+
17-3195353-T-C,rs61734043,missense_variant,ENST00000323404,OR3A1,p.Asn175Ser,c.524A>G,AFR,520,24952,0.999119083847201,0.020840012824623277,518,509.1631933311958,1,5.418403334402052,0.035509648902833785,0.6093552465233881,,,,N,,0,0,0.6548672566371682,518,1,0.035509648902833785,-,17-3292059-T-C,819,41994,0.9978614200171086,0.019502786112301756,807,803.0272181740248,6,7.986390912987569,0.5276647112074688,-,PASS,0.5599582898852972,0,1,0.8450261780104712,806,7,0.7867720344228993,-
11-118765081-C-T,rs2230320,synonymous_variant,ENST00000292174,CXCR5,c.828C>T(p.=),c.828C>T,AFR,724,24954,0.9991991671338192,0.029013384627714994,720,702.9943095295343,2,10.502845235232828,0.0028864756207631122,0.7050632911392405,,,,N,,0,0,0.9137055837563451,720,2,0.0028864756207631122,-,11-118894372-C-T,1246,42040,0.9989544720083642,0.029638439581351095,1220,1209.0705042816364,13,18.46474785918173,0.2073822730456668,-,PASS,0.57,0,3,0.9428129829984544,1217,16,0.5902706528585583,-
16-50733743-G-A,rs34684955,missense_variant,ENST00000300589,NOD2,p.Ala140Thr,c.418G>A,AFR,590,24950,0.999039000560583,0.023647294589178358,586,576.0480961923847,2,6.9759519038076165,0.040294513621613154,0.6755070202808112,Y,AD,"Blau syndrome, 186580 (3), Autosomal dominant",Y,Benign,0,0,0.915625,586,2,0.040294513621613154,-,16-50699832-G-A,960,42040,0.9989544720083642,0.022835394862036156,946,938.0780209324453,7,10.960989533777354,0.24548681385855453,-,PASS,0.5582089552238806,0,3,0.9441117764471058,943,10,0.8171139735624513,-
1-223176689-A-G,rs73130656,synonymous_variant,ENST00000284476,DISP1,c.1950A>G(p.=),c.1950A>G,AFR,541,24950,0.999039000560583,0.021683366733466936,539,529.2692985971945,1,5.865350701402806,0.025076188873796333,0.7819672131147541,,,,Y,Benign,0,0,0.8836065573770492,539,1,0.025076188873796333,-,1-223003347-A-G,925,42044,0.9990495200076038,0.022000761107411282,905,904.6492959756445,10,10.175352012177717,0.9361515141319041,-,PASS,0.558091286307054,0,2,0.9407484407484408,903,12,0.47084237484685176,+
1-157771324-A-C,rs59455899,missense_variant,ENST00000368176,FCRL1,p.Ile310Met,c.930T>G,AFR,730,24960,0.9994394169936734,0.029246794871794872,724,708.6498397435897,3,10.675080128205128,0.008607483947917414,0.6310096153846154,,,,N,,0,0,0.8712394705174489,724,3,0.008607483947917414,-,1-157801534-A-C,1210,42018,0.9984317080125463,0.028797182160026656,1182,1175.1554095863678,14,17.422295206816127,0.4228730735907145,-,PASS,0.5371248025276462,0,3,0.9380952380952381,1179,17,0.9508379136936231,-
6-44278185-C-T,rs78410483,splice_region_variant,ENST00000244571,AARS2,,c.750-5G>A,AFR,591,24956,0.9992792504204373,0.023681679756371213,589,577.0041272639846,1,6.997936368007693,0.008170669095033375,0.6992248062015504,Y,AR,"Combined oxidative phosphorylation deficiency 8, 614096 (3), Autosomal recessive, Leukoencephalopathy, progressive, with ovarian failure, 615889 (3), Autosomal recessive",Y,Benign,0,0,0.9145962732919255,589,1,0.008170669095033375,-,6-44310448-C-T,987,42028,0.9986693280106453,0.023484343770819455,969,963.8209526982012,9,11.589523650899402,0.49812342929277126,-,PASS,0.5731108930323847,0,1,0.9518664047151277,968,10,0.706977896060393,-
4-47877313-G-C,rs61747431,splice_region_variant,ENST00000507489,NFXL1,,c.2080-3C>G,AFR,533,24736,0.9904700888924481,0.021547542043984475,531,521.5151600905563,1,5.742419954721862,0.04081986947351523,0.5459098497495827,,,,N,,0,0,0.892436974789916,531,1,0.04081986947351523,-,4-47875296-G-C,900,41976,0.9974337040205303,0.02144082332761578,888,880.7032590051458,6,9.6483704974271,0.2842053632360519,-,PASS,0.5416666666666666,0,4,0.9070480081716037,884,10,0.805674179144554,+
7-23552609-T-C,rs34328450,synonymous_variant,ENST00000297071,TRA2A,c.429A>G(p.=),c.429A>G,AFR,595,24962,0.9995195002802915,0.023836231071228266,591,580.8174425126192,2,7.091278743690409,0.04163565003271516,0.6280864197530864,,,,N,,0,0,0.9148606811145511,591,2,0.04163565003271516,-,7-23512990-T-C,949,42016,0.9983841840129265,0.022586633663366336,933,927.5652846534653,8,10.717357673267326,0.48160784421549024,-,PASS,0.5773092369477911,0,3,0.9424242424242424,930,11,0.815004569071932,+
8-22389749-G-A,rs142649874,missense_variant,ENST00000397775,PPP3CC,p.Val394Ile,c.1180G>A,AFR,412,24964,0.9995995835669096,0.01650376542220798,412,405.2004486460503,0,3.3997756769748437,0.036661353639081726,0.6311111111111111,,,,N,,0,0,0.9175946547884187,412,0,0.036661353639081726,-,8-22532236-G-A,656,42012,0.998289136013687,0.015614586308673713,646,645.7568313815101,5,5.121584309244978,0.9110249944274119,-,PASS,0.54,0,2,0.9241773962804005,644,7,0.3106437989083032,+
14-92470606-C-T,rs34919898,synonymous_variant,ENST00000267622,TRIP11,c.3714G>A(p.=),c.3714G>A,AFR,926,24950,0.999039000560583,0.037114228456913825,910,891.6322244488979,8,17.183887775551103,0.014156269612691905,0.695085255767302,Y,AR,"Achondrogenesis, type IA, 200600 (3), Autosomal recessive",Y,Benign/Likely_benign,0,0,0.9136546184738956,910,8,0.014156269612691905,-,14-92004262-C-T,1445,42012,0.998289136013687,0.03439493478053889,1417,1395.2993192421213,14,24.85034037893935,0.019030647575308427,-,PASS,0.5450361604207759,0,6,0.9340804218852999,1411,20,0.3253880192505611,-
14-92471202-T-C,rs34805848,missense_variant,ENST00000267622,TRIP11,p.Ile1040Val,c.3118A>G,AFR,927,24876,0.9960759189557139,0.037264833574529664,911,892.4554992764108,8,17.272250361794498,0.01431712833383313,0.6526104417670683,Y,AR,"Achondrogenesis, type IA, 200600 (3), Autosomal recessive",Y,Benign/Likely_benign,0,1,0.9155778894472362,910,9,0.028514106488377426,-,14-92004858-T-C,1461,42058,0.9993821880049425,0.034737743116648435,1433,1410.2481573065766,14,25.375921346711678,0.015295798711924527,-,PASS,0.572265625,0,1,0.9359895493141738,1432,15,0.026725890504361312,-
16-87874758-T-A,rs17853937,missense_variant,ENST00000261622,SLC7A5,p.Asp223Val,c.668A>T,AFR,725,24950,0.999039000560583,0.02905811623246493,721,703.9328657314629,2,10.533567134268537,0.0029353790558032658,0.7001321003963011,,,,N,,0,0,0.952443857331572,721,2,0.0029353790558032658,-,16-87841152-T-A,1159,42020,0.9984792320121662,0.027582103760114232,1143,1127.0323417420277,8,15.983829128986198,0.0330887565149529,-,PASS,0.547979797979798,0,2,0.9637436762225969,1141,10,0.1392059687416577,-
4-187172703-T-G,rs4253377,missense_variant,ENST00000264690,KLKB1,p.Phe311Val,c.931T>G,AFR,1021,24692,0.9887082565868504,0.041349424914952214,1003,978.7822371618339,9,21.108881419083108,0.003578351433588071,0.6876687668766877,Y,AR,"Fletcher factor (prekallikrein) deficiency, 612423 (3), Autosomal recessive",N,,0,1,0.9093381686310064,1002,10,0.007377917358613815,-,4-186251549-T-G,1804,42046,0.9990970440072237,0.0429053893354897,1740,1726.5986776387767,32,38.70066118061171,0.293862130410426,-,PASS,0.5611745513866232,0,5,0.9477124183006536,1735,37,0.8343274063844255,-
12-46320311-G-T,rs114180943,missense_variant,ENST00000369367,SCAF11,p.Ser1058Tyr,c.3173C>A,AFR,418,24868,0.9957555858092416,0.016808750201061606,418,410.97394241595623,0,3.5130287920218755,0.03883074941116735,0.6588983050847458,,,,N,,0,0,0.8931623931623932,418,0,0.03883074941116735,-,12-45926528-G-T,684,41994,0.9978614200171086,0.016288041148735534,680,672.8589798542649,2,5.5705100728675525,0.15991501310082415,-,PASS,0.5781466113416321,0,1,0.947075208913649,679,3,0.3316254486215779,-
22-37906417-G-A,rs118054868,synonymous_variant,ENST00000403299,CARD10,c.711C>T(p.=),c.711C>T,EAS,437,19932,0.9988974641675854,0.021924543447722256,437,427.41897451334546,0,4.790512743327313,0.012316521058884356,0.6103896103896104,,,,N,,0,0,0.9458874458874459,437,0,0.012316521058884356,-,22-37510410-G-A,80,3134,1.0,0.025526483726866625,80,77.95788130185068,0,1.021059349074665,0.4450066254274963,-,PASS,0.6071428571428571,0,0,0.9523809523809523,80,0,0.4450066254274963,-
17-79662836-G-C,rs34868130,missense_variant,ENST00000329138,HGS,p.Glu400Asp,c.1200G>C,AFR,1077,24908,0.9973572515416033,0.04323911996145817,1055,1030.4314678015096,11,23.284266099245226,0.005519606584335952,0.5572519083969466,,,,N,,0,0,0.9001706484641638,1055,11,0.005519606584335952,-,17-81695806-G-C,1764,42048,0.9991445680068435,0.04195205479452055,1680,1689.9965753424658,42,37.00171232876713,0.36749459718485844,+,PASS,0.5582191780821918,0,2,0.96,1678,44,0.2136999982546927,+
12-15739836-C-T,rs77872564,synonymous_variant,ENST00000281171,PTPRO,c.3261C>T(p.=),c.3261C>T,EAS,797,19912,0.9978951588653904,0.040026114905584574,781,765.0991864202491,8,15.950406789875453,0.030745496861989897,0.7272727272727273,Y,AR,"Nephrotic syndrome, type 6, 614196 (3), Autosomal recessive",N,,0,0,0.888509670079636,781,8,0.030745496861989897,-,12-15586902-C-T,115,3124,0.9968091895341417,0.03681177976952625,115,110.76664532650449,0,2.1166773367477596,0.21115384862296277,-,PASS,0.5460992907801419,0,0,0.8214285714285714,115,0,0.21115384862296277,-
1-17597579-G-A,rs35340855,missense_variant,ENST00000375460,PADI3,p.Cys318Tyr,c.953G>A,AFR,1094,24954,0.9991991671338192,0.04384066682696161,1070,1046.038310491304,12,23.980844754348002,0.006258244548705285,0.6146632566069906,Y,AR,"Uncombable hair syndrome, 191480 (3), Autosomal recessive",N,,0,2,0.9129692832764505,1068,14,0.028387885290701322,-,1-17271084-G-A,1796,42044,0.9990495200076038,0.0427171534582818,1708,1719.279992388926,44,38.36000380553706,0.33218578003569954,+,PASS,0.553156146179402,0,6,0.9483620210993893,1702,50,0.058145505848530496,+
2-135028069-C-T,rs116123889,synonymous_variant,ENST00000409645,MGAT5,c.354C>T(p.=),c.354C>T,AFR,530,24966,0.9996796668535277,0.02122887126492029,528,518.7486982295923,1,5.625650885203877,0.03850676914437598,0.6505376344086021,,,,N,,0,0,0.947935368043088,528,1,0.03850676914437598,-,2-134270498-C-T,859,42050,0.9991920920064633,0.02042806183115339,841,841.4522948870392,9,8.773852556480382,0.7956825529114862,+,PASS,0.5581127733026467,0,0,0.9700115340253749,841,9,0.7956825529114862,+
2-232156062-C-T,rs114592321,splice_region_variant,ENST00000349938,ARMC9,,c.1627-4C>T,AFR,973,24960,0.9994394169936734,0.038982371794871795,955,935.0701522435896,9,18.96492387820513,0.013867582410777707,0.6956106870229007,Y,AR,"Joubert syndrome 30, 617622 (3), Autosomal recessive",N,,0,1,0.9138755980861244,954,10,0.02663995822259864,-,2-231291349-C-T,1661,42000,0.998003992015968,0.03954761904761905,1599,1595.3114047619047,31,32.84429761904762,0.8204651054959962,-,PASS,0.5541516245487365,0,3,0.9638336347197106,1596,34,0.8208513394899902,+
20-33862165-G-A,rs751887,missense_variant,ENST00000246186,MMP24,p.Arg564His,c.1691G>A,AFR,1007,24196,0.9688476015055658,0.04161844933046785,987,965.0902215242189,10,20.954889237890566,0.010016843174605388,0.7262569832402235,,,,N,,0,1,0.9232927970065482,986,11,0.01910607817940875,-,20-35274362-G-A,1662,42036,0.9988594240091246,0.03953753925206965,1622,1596.2886097630603,20,32.85569511846988,0.015804006716126875,-,PASS,0.5530791788856305,0,2,0.9541176470588235,1620,22,0.040961876522534586,-
19-9361854-C-T,rs185784976,synonymous_variant,ENST00000456448,OR7E24,c.135C>T(p.=),c.135C>T,AFR,434,24288,0.9725314326899976,0.017868906455862976,434,426.24489459815544,0,3.8775527009222657,0.025564951102709385,0.624031007751938,,,,N,,0,0,0.8594059405940594,434,0,0.025564951102709385,-,19-9251178-C-T,799,41996,0.9979089440167285,0.019025621487760738,787,783.7985284312791,6,7.600735784360414,0.6434954478912273,-,PASS,0.5398550724637681,0,3,0.9550970873786407,784,9,0.5179278453919928,+
6-564063-C-T,rs61744205,missense_variant,ENST00000230449,EXOC2,p.Val587Ile,c.1759G>A,AFR,783,24962,0.9995195002802915,0.03136767887188527,775,758.4391074433138,4,12.280446278343083,0.009320076518004846,0.6396713615023474,,,,N,,0,1,0.9106933019976499,774,5,0.02186670128251731,-,6-564063-C-T,1239,42008,0.9981940880144473,0.02949438202247191,1207,1202.4564606741571,16,18.271769662921347,0.6731541538095842,-,PASS,0.5315457413249212,0,0,0.9556611243072051,1207,16,0.6731541538095842,-
2-101012060-A-G,rs4149520,synonymous_variant,ENST00000264249,CHST10,c.444T>C(p.=),c.444T>C,EAS,400,19948,0.9996993084093415,0.020052135552436335,400,391.9791457790255,0,4.010427110487267,0.027476351664260715,0.7363420427553444,,,,N,,0,0,0.9523809523809523,400,0,0.027476351664260715,-,2-100395598-A-G,57,3134,1.0,0.018187619655392468,55,55.96330567964262,1,0.5183471601786853,0.2474593953207841,+,PASS,0.609375,0,0,0.859375,55,1,0.2474593953207841,+
1-24795630-C-T,rs35529655,synonymous_variant,ENST00000374399,NIPAL3,c.1176C>T(p.=),c.1176C>T,AFR,650,24960,0.9994394169936734,0.026041666666666668,646,633.0729166666667,2,8.463541666666668,0.016092974268449477,0.6333333333333333,,,,N,,0,1,0.9375907111756169,645,3,0.041484417355151695,-,1-24469140-C-T,1096,42012,0.998289136013687,0.026087784442540226,1076,1067.407788250976,10,14.296105874512042,0.24857628902681336,-,PASS,0.5247524752475248,0,3,0.971996386630533,1073,13,0.8392774336414078,-
12-8212375-A-G,rs11567806,missense_variant,ENST00000307637,C3AR1,p.Val136Ala,c.407T>C,AFR,468,24956,0.9992792504204373,0.018753005289309184,468,459.2235935246033,0,4.388203237698349,0.01849910298494719,0.7547169811320755,,,,N,,0,0,0.8846880907372401,468,0,0.01849910298494719,-,12-8059779-A-G,734,42030,0.9987168520102652,0.01746371639305258,724,721.1816321674994,5,6.4091839162502975,0.7639110907080012,-,PASS,0.5701415701415702,0,1,0.9341935483870968,723,6,0.9195224288882333,-
19-14159806-C-T,rs76209808,synonymous_variant,ENST00000263379,IL27RA,c.1155C>T(p.=),c.1155C>T,AFR,1031,24958,0.9993593337070553,0.04130939979164997,1011,988.4100088148089,10,21.29499559259556,0.007592298125499348,0.6591549295774648,,,,N,,0,0,0.9510818438381938,1011,10,0.007592298125499348,-,19-14048994-C-T,1749,42028,0.9986693280106453,0.041615113733701345,1679,1676.2151660797567,35,36.39241696012183,0.8969032366376789,-,PASS,0.5389908256880734,0,3,0.9632816982214573,1676,38,0.7626194163480401,+
1-62739547-G-A,rs112048152,missense_variant,ENST00000371153,KANK4,p.Thr410Met,c.1229C>T,AFR,694,24962,0.9995195002802915,0.0278022594343402,688,674.7052319525679,3,9.64738402371605,0.015716015578437804,0.7602649006622516,,,,N,,0,0,0.9124668435013262,688,3,0.015716015578437804,-,1-62273875-G-A,1115,42010,0.9982416120140671,0.026541299690549868,1097,1085.406450845037,9,14.796774577481552,0.12378447511093443,-,PASS,0.5449871465295629,0,3,0.9408233276157805,1094,12,0.5495005798576228,-
12-106633348-G-A,rs116750571,synonymous_variant,ENST00000378026,CKAP4,c.1263C>T(p.=),c.1263C>T,AFR,680,24922,0.9979178345479298,0.027285129604365622,674,661.4461118690315,3,9.276944065484312,0.021846881339949033,0.672627235213205,,,,N,,0,0,0.9296551724137931,674,3,0.021846881339949033,-,12-106239570-G-A,1205,42042,0.999001996007984,0.02866181437610009,1181,1170.4625136767993,12,17.2687431616003,0.1932289434410884,-,PASS,0.55,0,2,0.9539579967689822,1179,14,0.49664706714203466,-
1-23519919-G-A,rs6299,missense_variant,ENST00000374619,HTR1D,p.Ser265Leu,c.794C>T,AFR,712,24962,0.9995195002802915,0.02852335550036055,704,691.6913708837433,4,10.154314558128355,0.04222491284431668,0.7566137566137566,,,,N,,0,0,0.9312169312169312,704,4,0.04222491284431668,-,1-23193426-G-A,1136,42040,0.9989544720083642,0.02702188392007612,1094,1105.3031398667936,21,15.348430066603237,0.1301302417506483,+,PASS,0.5732758620689655,0,1,0.9447322970639033,1093,22,0.07578310033652437,+
22-43089470-T-C,rs28915383,missense_variant,ENST00000401850,A4GALT,p.Gln163Arg,c.488A>G,AFR,1046,24802,0.9931128373508449,0.042174018224336744,1022,1001.8859769373438,12,22.057011531328115,0.02221954122650365,0.7444345503116652,Y,,"NOR polyagglutination syndrome, 111400 (3)",N,,0,1,0.911685994647636,1021,13,0.03936822107990008,-,22-42693464-T-C,1779,42016,0.9983841840129265,0.04234101294744859,1725,1703.6753379664888,27,37.662331016755516,0.06703507891860629,-,PASS,0.552791597567717,0,4,0.9535655058043118,1721,31,0.25176568615241185,-
14-21546437-A-G,rs76583285,splice_region_variant,ENST00000298694,ARHGEF40,,c.2130+6A>G,AFR,650,24938,0.9985585008408745,0.026064640307963752,644,633.0579837998237,3,8.47100810008822,0.04132950094761777,0.6243315508021391,,,,N,,0,0,0.8644295302013423,644,3,0.04132950094761777,-,14-21078278-A-G,1067,42018,0.9984317080125463,0.025393878813841687,1055,1039.904731305631,6,13.547634347184541,0.029844879024343705,-,PASS,0.5501330967169477,0,1,0.9386120996441281,1054,7,0.05925671263018483,-
16-66670308-T-G,rs3816412,splice_region_variant,ENST00000330687,CMTM4,c.363A>C(p.=),c.363A>C,EAS,488,19950,0.999799538939561,0.024461152882205513,486,476.0629573934837,1,5.968521303258146,0.025739201171272923,0.5908256880733945,,,,N,,0,0,0.8917431192660551,486,1,0.025739201171272923,-,16-66636405-T-G,68,3130,0.9987236758136566,0.021725239616613417,66,66.52268370607028,1,0.7386581469648561,0.34406113377874703,+,PASS,0.6235294117647059,1,1,0.7857142857142857,65,2,0.10398957684968575,+
3-130286067-A-G,rs145020873,missense_variant,ENST00000358511,COL6A6,p.Ile602Val,c.1804A>G,EAS,403,19430,0.9737396010824897,0.020741121976325272,403,394.641327843541,0,4.179336078229543,0.016136125598480724,0.6447058823529411,,,,N,,0,0,0.9504716981132075,403,0,0.016136125598480724,-,3-130567223-A-G,70,3128,0.998085513720485,0.02237851662404092,70,68.43350383631714,0,0.7832480818414322,0.7730028620273021,-,PASS,0.5568181818181818,0,0,0.7954545454545454,70,0,0.7730028620273021,-
